Pair,GENE PAIR,Gene pair class
1,AARS2_AARS,Paralogous_gene_pair
2,ABCB7_ABCB6,Paralogous_gene_pair
3,ABCF1_ABCF3,Paralogous_gene_pair
4,ABHD12B_ABHD12,Paralogous_gene_pair
5,ABL1_EGFR,SynLethDB_gene_pair
6,ABL2_ABL1,Paralogous_gene_pair
7,ABTB2_BTBD11,Paralogous_gene_pair
8,AC007040.11_TEX261,Paralogous_gene_pair
9,ACACA_ACACB,Paralogous_gene_pair
10,ACE_CTD-2501B8.1,Paralogous_gene_pair
11,ACSF3_ACSF2,Paralogous_gene_pair
12,ACSL3_ACSL4,Paralogous_gene_pair
13,ADAM10_ADAM17,Paralogous_gene_pair
14,ADAMTSL1_ADAMTSL3,Paralogous_gene_pair
15,ADAP1_ADAP2,Paralogous_gene_pair
16,ADIPOR2_ADIPOR1,Paralogous_gene_pair
17,ADSS_ADSSL1,Paralogous_gene_pair
18,AFG3L2_SPG7,Paralogous_gene_pair
19,AGFG1_AGFG2,Paralogous_gene_pair
20,AHRR_AHR,Paralogous_gene_pair
21,AK2_AK8,Paralogous_gene_pair
22,AK4_AK3,Paralogous_gene_pair
23,AKT2_EGFR,SynLethDB_gene_pair
24,ALAS1_ALAS2,Paralogous_gene_pair
25,ALK_LTK,Paralogous_gene_pair
26,ALKBH4_ATR,Bioinformatically_derived_pair
27,ANKRD11_ANKRD12,Paralogous_gene_pair
28,ANKRD55_INVS,Paralogous_gene_pair
29,ANKS4B_USH1G,Paralogous_gene_pair
30,ANKS6_KIDINS220,Paralogous_gene_pair
31,AP000304.12_ATP5O,Paralogous_gene_pair
32,AP2A2_AP2A1,Paralogous_gene_pair
33,APC_APC2,Paralogous_gene_pair
34,APH1A_APH1B,Paralogous_gene_pair
35,ARFGEF1_ARFGEF2,Paralogous_gene_pair
36,ARFIP1_ARFIP2,Paralogous_gene_pair
37,ARHGAP5_ARHGAP35,Paralogous_gene_pair
38,ARHGEF11_ARHGEF12,Paralogous_gene_pair
39,ARHGEF2_TP53,SynLethDB_gene_pair
40,ARHGEF3_NET1,Paralogous_gene_pair
41,ARHGEF7_ARHGEF6,Paralogous_gene_pair
42,ARID1A_ARID1B,Paralogous_gene_pair
43,ARID4B_ARID4A,Paralogous_gene_pair
44,ARL6IP5_ASPM,Bioinformatically_derived_pair
45,ARL6IP5_PRAF2,Paralogous_gene_pair
46,ARPC1A_ARPC1B,Paralogous_gene_pair
47,ARPC1B_ADAMTS20,Bioinformatically_derived_pair
48,ARPC5_ARPC5L,Paralogous_gene_pair
49,ARRDC2_IQGAP3,Bioinformatically_derived_pair
50,ASAH2B_ASAH2,Paralogous_gene_pair
51,ASF1A_ASF1B,Paralogous_gene_pair
52,ASPM_AMOTL2,Bioinformatically_derived_pair
53,ASPM_ARHGEF10,Bioinformatically_derived_pair
54,ASPM_ARPC1B,Bioinformatically_derived_pair
55,ASXL1_ASXL3,Paralogous_gene_pair
56,ATAD2B_ATAD2,Paralogous_gene_pair
57,ATF7IP2_ATF7IP,Paralogous_gene_pair
58,ATG2A_ATG2B,Paralogous_gene_pair
59,ATM_PARP1,SynLethDB_gene_pair
60,ATP6V1B1_ATP6V1B2,Paralogous_gene_pair
61,ATP6V1C2_ATP6V1C1,Paralogous_gene_pair
62,ATP6V1E2_ATP6V1E1,Paralogous_gene_pair
63,ATP7B_ATP7A,Paralogous_gene_pair
64,ATR_KRAS,SynLethDB_gene_pair
65,ATR_MYC,SynLethDB_gene_pair
66,ATR_TP53,SynLethDB_gene_pair
67,ATXN2_ATXN2L,Paralogous_gene_pair
68,AURKA_EGFR,SynLethDB_gene_pair
69,AURKB_MYC,SynLethDB_gene_pair
70,AXIN1_AXIN2,Paralogous_gene_pair
71,B3GALT6_B3GALNT2,Paralogous_gene_pair
72,B9D2_CENPF,Bioinformatically_derived_pair
73,BACH2_BACH1,Paralogous_gene_pair
74,BAG4_BAG3,Paralogous_gene_pair
75,BANF1_BANF2,Paralogous_gene_pair
76,BANK1_PIK3AP1,Paralogous_gene_pair
77,BAZ2B_BAZ2A,Paralogous_gene_pair
78,BCAR1_EGFR,SynLethDB_gene_pair
79,BCL11A_BCL11B,Paralogous_gene_pair
80,BET1_BET1L,Paralogous_gene_pair
81,BICD2_BICD1,Paralogous_gene_pair
82,BIVM-ERCC5_ERCC5,Paralogous_gene_pair
83,BMP3_GDF10,Paralogous_gene_pair
84,BMPER_KCP,Paralogous_gene_pair
85,BRCA1_PARP1,SynLethDB_gene_pair
86,BRCA1_PARP2,SynLethDB_gene_pair
87,BRCA1_TP53,SynLethDB_gene_pair
88,BRCA2_PARP1,SynLethDB_gene_pair
89,BRCA2_PARP2,SynLethDB_gene_pair
90,BRD9_BRD7,Paralogous_gene_pair
91,BRIP1_ARPC1B,Bioinformatically_derived_pair
92,BRMS1_BRMS1L,Paralogous_gene_pair
93,BTG3_BTG4,Paralogous_gene_pair
94,BZW1_BZW2,Paralogous_gene_pair
95,CAB39_CAB39L,Paralogous_gene_pair
96,CAD_CPS1,Paralogous_gene_pair
97,CADPS_CADPS2,Paralogous_gene_pair
98,CALM1_EGFR,SynLethDB_gene_pair
99,CAMTA1_CAMTA2,Paralogous_gene_pair
100,CAND2_CAND1,Paralogous_gene_pair
101,CAP1_CAP2,Paralogous_gene_pair
102,CAPRIN1_CAPRIN2,Paralogous_gene_pair
103,CARS_CARS2,Paralogous_gene_pair
104,CASKIN1_ASPM,Bioinformatically_derived_pair
105,CASKIN1_CASKIN2,Paralogous_gene_pair
106,CBX7_PRDM9,Bioinformatically_derived_pair
107,CC2D1B_CC2D1A,Paralogous_gene_pair
108,CCDC85A_CCDC85C,Paralogous_gene_pair
109,CCDC94_CCDC130,Paralogous_gene_pair
110,CCNA2_BIRC6,Bioinformatically_derived_pair
111,CCNA2_BLVRA,Bioinformatically_derived_pair
112,CCNB1_CACNA1S,Bioinformatically_derived_pair
113,CCND1_ASPM,Bioinformatically_derived_pair
114,CCNE2_CCNE1,Paralogous_gene_pair
115,CCNI2_CCNI,Paralogous_gene_pair
116,CCNL2_CCNL1,Paralogous_gene_pair
117,CCNT2_CCNT1,Paralogous_gene_pair
118,CCT6A_CCT6B,Paralogous_gene_pair
119,CD2AP_SH3KBP1,Paralogous_gene_pair
120,CD59_EGFR,SynLethDB_gene_pair
121,CDC14A_CDC14B,Paralogous_gene_pair
122,CDC16_KRAS,SynLethDB_gene_pair
123,CDC25C_AMOTL2,Bioinformatically_derived_pair
124,CDC25C_ARPC1B,Bioinformatically_derived_pair
125,CDC37L1_CDC37,Paralogous_gene_pair
126,CDC42EP3_CDC25C,Bioinformatically_derived_pair
127,CDC6_KRAS,SynLethDB_gene_pair
128,CDK1_MYC,SynLethDB_gene_pair
129,CDK13_CDK12,Paralogous_gene_pair
130,CDK14_CDC25C,Bioinformatically_derived_pair
131,CDK19_CDK8,Paralogous_gene_pair
132,CDK2_MYC,SynLethDB_gene_pair
133,CDK4_KRAS,SynLethDB_gene_pair
134,CDK5R2_CDK5R1,Paralogous_gene_pair
135,CDS1_CDS2,Paralogous_gene_pair
136,CDT1_ARPC1B,Bioinformatically_derived_pair
137,CENPE_ARPC1B,Bioinformatically_derived_pair
138,CENPQ_ARPC1B,Bioinformatically_derived_pair
139,CERK_CERKL,Paralogous_gene_pair
140,CHEK1_TP53,SynLethDB_gene_pair
141,CHEK2_TP53,SynLethDB_gene_pair
142,CHML_CHM,Paralogous_gene_pair
143,CHMP1B_CHMP1A,Paralogous_gene_pair
144,CHMP2A_CHMP2B,Paralogous_gene_pair
145,CHMP3_RNF103-CHMP3,Paralogous_gene_pair
146,CHORDC1_ITGB1BP2,Paralogous_gene_pair
147,CHSY3_CHSY1,Paralogous_gene_pair
148,CLASP1_CLASP2,Paralogous_gene_pair
149,CLPTM1_CLPTM1L,Paralogous_gene_pair
150,CLTC_CLTCL1,Paralogous_gene_pair
151,CNGB1_CNGB3,Paralogous_gene_pair
152,CNKSR1_CNKSR2,Paralogous_gene_pair
153,CNOT8_CNOT7,Paralogous_gene_pair
154,COG8_RP11-343C2.9,Paralogous_gene_pair
155,COPG1_COPG2,Paralogous_gene_pair
156,COPS2_PSMD11,Paralogous_gene_pair
157,COPS6_PSMD7,Paralogous_gene_pair
158,COPS7B_COPS7A,Paralogous_gene_pair
159,COPZ1_COPZ2,Paralogous_gene_pair
160,COQ10B_COQ10A,Paralogous_gene_pair
161,COX4I1_COX4I2,Paralogous_gene_pair
162,COX6B1_COX6B2,Paralogous_gene_pair
163,CPPED1_ASPM,Bioinformatically_derived_pair
164,CPSF3L_CPSF3,Paralogous_gene_pair
165,CPSF7_CPSF6,Paralogous_gene_pair
166,CREG1_CREG2,Paralogous_gene_pair
167,CRK_CRKL,Paralogous_gene_pair
168,CSDE1_ADAMTS20,Bioinformatically_derived_pair
169,CSRP1_CDC25C,Bioinformatically_derived_pair
170,CSRP1_MKI67,Bioinformatically_derived_pair
171,CSTF2T_CSTF2,Paralogous_gene_pair
172,CTB-54O9.9_DUS3L,Paralogous_gene_pair
173,CTBP1_CTBP2,Paralogous_gene_pair
174,CTCF_CTCFL,Paralogous_gene_pair
175,CTD-3222D19.2_MED26,Paralogous_gene_pair
176,CTNNB1_JUP,Paralogous_gene_pair
177,CTPS1_CTPS2,Paralogous_gene_pair
178,CUX1_CUX2,Paralogous_gene_pair
179,CYB5A_ASPM,Bioinformatically_derived_pair
180,CYB5B_CYB5A,Paralogous_gene_pair
181,CYBRD1_CDC25C,Bioinformatically_derived_pair
182,CYFIP2_CYFIP1,Paralogous_gene_pair
183,CYP11B1_AKR7A2,Bioinformatically_derived_pair
184,CYP11B1_ARHGAP10,Bioinformatically_derived_pair
185,CYP11B1_CENPQ,Bioinformatically_derived_pair
186,CYTIP_GRASP,Paralogous_gene_pair
187,DAB1_DAB2,Paralogous_gene_pair
188,DACH1_DACH2,Paralogous_gene_pair
189,DAGLA_DAGLB,Paralogous_gene_pair
190,DBNDD2_ASPM,Bioinformatically_derived_pair
191,DBNDD2_CDC25C,Bioinformatically_derived_pair
192,DBNDD2_CENPE,Bioinformatically_derived_pair
193,DCP1A_DCP1B,Paralogous_gene_pair
194,DCP1B_ASPM,Bioinformatically_derived_pair
195,DCST2_DCST1,Paralogous_gene_pair
196,DCTPP1_ARNTL2,Bioinformatically_derived_pair
197,DDB1_SF3B3,Paralogous_gene_pair
198,DDI2_DDI1,Paralogous_gene_pair
199,DDX39B_DDX39A,Paralogous_gene_pair
200,DDX47_DDX28,Paralogous_gene_pair
201,DEGS1_DEGS2,Paralogous_gene_pair
202,DFNB31_PDZD7,Paralogous_gene_pair
203,DGKZ_DGKI,Paralogous_gene_pair
204,DHX8_KRAS,SynLethDB_gene_pair
205,DIMT1_TFB1M,Paralogous_gene_pair
206,DISP1_DISP2,Paralogous_gene_pair
207,DMRTB1_DMRTA2,Paralogous_gene_pair
208,DMXL1_DMXL2,Paralogous_gene_pair
209,DNAJC6_GAK,Paralogous_gene_pair
210,DNASE1L3_ASPM,Bioinformatically_derived_pair
211,DNMT1_CDH9,Bioinformatically_derived_pair
212,DPP7_ASPM,Bioinformatically_derived_pair
213,DSN1_ADAMTS19,Bioinformatically_derived_pair
214,DSN1_ALKBH3,Bioinformatically_derived_pair
215,DSN1_ASTN2,Bioinformatically_derived_pair
216,DSN1_CDC42EP1,Bioinformatically_derived_pair
217,DSN1_CYBA,Bioinformatically_derived_pair
218,DSN1_DGKB,Bioinformatically_derived_pair
219,DSN1_DISP1,Bioinformatically_derived_pair
220,DSN1_DPP7,Bioinformatically_derived_pair
221,DSN1_FSTL5,Bioinformatically_derived_pair
222,DSN1_HTT,Bioinformatically_derived_pair
223,DSN1_KCNH7,Bioinformatically_derived_pair
224,DSN1_SRRM2,Bioinformatically_derived_pair
225,DSP_PLEC,Paralogous_gene_pair
226,DTL_EP300,Bioinformatically_derived_pair
227,DTL_PKD1,Bioinformatically_derived_pair
228,DTX3L_CYP11B1,Bioinformatically_derived_pair
229,DUOX2_DUOX1,Paralogous_gene_pair
230,DUOXA2_DUOXA1,Paralogous_gene_pair
231,DUSP7_EGFR,SynLethDB_gene_pair
232,DUSP8_DUSP16,Paralogous_gene_pair
233,DYNC1I1_DYNC1I2,Paralogous_gene_pair
234,DYNC1LI1_DYNC1LI2,Paralogous_gene_pair
235,DYNLRB1_DYNLRB2,Paralogous_gene_pair
236,DYNLT1_DYNLT3,Paralogous_gene_pair
237,E2F8_E2F7,Paralogous_gene_pair
238,EAF1_ASPM,Bioinformatically_derived_pair
239,EAF1_CYP11B1,Bioinformatically_derived_pair
240,EAF1_EAF2,Paralogous_gene_pair
241,ECHDC1_ASPM,Bioinformatically_derived_pair
242,ECT2_RB1,SynLethDB_gene_pair
243,EEF1A1_EEF1A2,Paralogous_gene_pair
244,EFR3B_EFR3A,Paralogous_gene_pair
245,EFTUD2_EEF2,Paralogous_gene_pair
246,EGFR_ERBB3,SynLethDB_gene_pair
247,EGFR_FGFR2,SynLethDB_gene_pair
248,EGFR_FLNA,SynLethDB_gene_pair
249,EGFR_KRAS,SynLethDB_gene_pair
250,EGFR_NEDD9,SynLethDB_gene_pair
251,EGFR_NOTCH1,SynLethDB_gene_pair
252,EGFR_PARP1,SynLethDB_gene_pair
253,EGFR_PARP2,SynLethDB_gene_pair
254,EGFR_PIK3R1,SynLethDB_gene_pair
255,EGFR_PIK3R2,SynLethDB_gene_pair
256,EGFR_PRKACB,SynLethDB_gene_pair
257,EGFR_PRKCD,SynLethDB_gene_pair
258,EGFR_PRKCE,SynLethDB_gene_pair
259,EGFR_PRKCZ,SynLethDB_gene_pair
260,EGFR_RET,SynLethDB_gene_pair
261,EGFR_RPS6KA5,SynLethDB_gene_pair
262,EGFR_SH2D3C,SynLethDB_gene_pair
263,EGFR_SHC1,SynLethDB_gene_pair
264,EGFR_SMAD2,SynLethDB_gene_pair
265,EGFR_STAT3,SynLethDB_gene_pair
266,EHBP1_EHBP1L1,Paralogous_gene_pair
267,EHMT2_EHMT1,Paralogous_gene_pair
268,EIF1B_EIF1,Paralogous_gene_pair
269,EIF2S1_CYP11B1,Bioinformatically_derived_pair
270,EIF3I_STRAP,Paralogous_gene_pair
271,EIF4EBP1_MYC,SynLethDB_gene_pair
272,ELL2_ELL,Paralogous_gene_pair
273,ELMOD3_CHRNA5,Bioinformatically_derived_pair
274,EN1_EN2,Paralogous_gene_pair
275,ENO1_ENO2,Paralogous_gene_pair
276,ENOSF1_ADAMTS20,Bioinformatically_derived_pair
277,ENOX1_ENOX2,Paralogous_gene_pair
278,EPAS1_ASPM,Bioinformatically_derived_pair
279,EPAS1_CCNA2,Bioinformatically_derived_pair
280,EPAS1_CDC25C,Bioinformatically_derived_pair
281,EPAS1_CDT1,Bioinformatically_derived_pair
282,EPC2_EPC1,Paralogous_gene_pair
283,ERC2_ERC1,Paralogous_gene_pair
284,ERLEC1_OS9,Paralogous_gene_pair
285,ERO1B_ERO1A,Paralogous_gene_pair
286,ESPN_ESPNL,Paralogous_gene_pair
287,ESRP1_ESRP2,Paralogous_gene_pair
288,ETFB_ASPM,Bioinformatically_derived_pair
289,ETV7_ETV6,Paralogous_gene_pair
290,EVX2_EVX1,Paralogous_gene_pair
291,EXO1_AHNAK,Bioinformatically_derived_pair
292,EXO1_ALCAM,Bioinformatically_derived_pair
293,EXO1_ALKBH3,Bioinformatically_derived_pair
294,EXO1_ARHGEF10,Bioinformatically_derived_pair
295,EXO1_ARPC1B,Bioinformatically_derived_pair
296,EXO1_ATP10D,Bioinformatically_derived_pair
297,EXO1_CAV2,Bioinformatically_derived_pair
298,EXO1_CCND1,Bioinformatically_derived_pair
299,EXO1_CD44,Bioinformatically_derived_pair
300,EXO1_CMTM3,Bioinformatically_derived_pair
301,EXO1_DCP1B,Bioinformatically_derived_pair
302,EXO1_DPP7,Bioinformatically_derived_pair
303,EXOC3L1_EXOC3,Paralogous_gene_pair
304,EXOC6B_EXOC6,Paralogous_gene_pair
305,EXOSC4_EXOSC6,Paralogous_gene_pair
306,EZH1_EZH2,Paralogous_gene_pair
307,FAH_EXO1,Bioinformatically_derived_pair
308,FAM111A_ALKBH4,Bioinformatically_derived_pair
309,FAM111A_CYP11B1,Bioinformatically_derived_pair
310,FAM126B_FAM126A,Paralogous_gene_pair
311,FAM135A_FAM135B,Paralogous_gene_pair
312,FAM151A_FAM151B,Paralogous_gene_pair
313,FAM213B_FAM213A,Paralogous_gene_pair
314,FAM50B_FAM50A,Paralogous_gene_pair
315,FAM57B_FAM57A,Paralogous_gene_pair
316,FAM96A_FAM96B,Paralogous_gene_pair
317,FANCI_ACN9,Bioinformatically_derived_pair
318,FANCI_BIN1,Bioinformatically_derived_pair
319,FANCI_CDC42EP3,Bioinformatically_derived_pair
320,FANCI_DBNDD2,Bioinformatically_derived_pair
321,FANCI_DECR1,Bioinformatically_derived_pair
322,FANCI_EFR3A,Bioinformatically_derived_pair
323,FANCI_EPAS1,Bioinformatically_derived_pair
324,FANCM_ASPM,Bioinformatically_derived_pair
325,FAT4_FAT1,Paralogous_gene_pair
326,FBXW7_FEN1,SynLethDB_gene_pair
327,FBXW7_MYC,SynLethDB_gene_pair
328,FEN1_RAD54B,SynLethDB_gene_pair
329,FERD3L_PTF1A,Paralogous_gene_pair
330,FEZ2_FEZ1,Paralogous_gene_pair
331,FEZF2_FEZF1,Paralogous_gene_pair
332,FGF2_FGF1,Paralogous_gene_pair
333,FHOD1_FHOD3,Paralogous_gene_pair
334,FIGN_FIGNL1,Paralogous_gene_pair
335,FITM1_FITM2,Paralogous_gene_pair
336,FKBP5_FKBP4,Paralogous_gene_pair
337,FLOT1_FLOT2,Paralogous_gene_pair
338,FLVCR1_CHCHD5,Bioinformatically_derived_pair
339,FMN2_FMN1,Paralogous_gene_pair
340,FMNL2_FANCI,Bioinformatically_derived_pair
341,FNDC3B_FNDC3A,Paralogous_gene_pair
342,FNIP2_FNIP1,Paralogous_gene_pair
343,FOXK1_FOXK2,Paralogous_gene_pair
344,FOXN3_FOXN2,Paralogous_gene_pair
345,FOXN4_FOXN1,Paralogous_gene_pair
346,FRMD1_FRMD6,Paralogous_gene_pair
347,FRS3_FRS2,Paralogous_gene_pair
348,FRYL_FRY,Paralogous_gene_pair
349,FST_FSTL3,Paralogous_gene_pair
350,FUT10_FUT11,Paralogous_gene_pair
351,FUT5_CAD,Bioinformatically_derived_pair
352,FXYD5_ASPM,Bioinformatically_derived_pair
353,FXYD5_CDT1,Bioinformatically_derived_pair
354,FXYD5_EXO1,Bioinformatically_derived_pair
355,FZD6_CNTNAP4,Bioinformatically_derived_pair
356,G3BP2_G3BP1,Paralogous_gene_pair
357,G6PD_H6PD,Paralogous_gene_pair
358,GABPB2_GABPB1,Paralogous_gene_pair
359,GAS2L2_GAS2L1,Paralogous_gene_pair
360,GCFC2_PAXBP1,Paralogous_gene_pair
361,GDF9_BMP15,Paralogous_gene_pair
362,GIT2_GIT1,Paralogous_gene_pair
363,GJB4_E2F5,Bioinformatically_derived_pair
364,GLRX2_CHD7,Bioinformatically_derived_pair
365,GMPPB_GMPPA,Paralogous_gene_pair
366,GNAS_GNAL,Paralogous_gene_pair
367,GNB2L1_WDR31,Paralogous_gene_pair
368,GNB4_CYP11B1,Bioinformatically_derived_pair
369,GNB5_ASPM,Bioinformatically_derived_pair
370,GNL3_GNL3L,Paralogous_gene_pair
371,GNPDA2_DSN1,Bioinformatically_derived_pair
372,GOLPH3_GOLPH3L,Paralogous_gene_pair
373,GOLT1A_GOLT1B,Paralogous_gene_pair
374,GOSR2_RP11-156P1.2,Paralogous_gene_pair
375,GPT_GPT2,Paralogous_gene_pair
376,GRB10_CCNB1,Bioinformatically_derived_pair
377,GRB10_CDC25C,Bioinformatically_derived_pair
378,GRB10_FANCI,Bioinformatically_derived_pair
379,GRIP2_GRIP1,Paralogous_gene_pair
380,GRPEL1_GRPEL2,Paralogous_gene_pair
381,GSK3B_MYC,SynLethDB_gene_pair
382,GXYLT2_GXYLT1,Paralogous_gene_pair
383,GYS2_GYS1,Paralogous_gene_pair
384,HACL1_ILVBL,Paralogous_gene_pair
385,HADHB_ACAA1,Paralogous_gene_pair
386,HARS_HARS2,Paralogous_gene_pair
387,HCFC2_HCFC1,Paralogous_gene_pair
388,HDAC10_HDAC6,Paralogous_gene_pair
389,HEATR5B_HEATR5A,Paralogous_gene_pair
390,HHAT_HHATL,Paralogous_gene_pair
391,HIC1_HIC2,Paralogous_gene_pair
392,HLX_DBX1,Paralogous_gene_pair
393,HMG20A_HMG20B,Paralogous_gene_pair
394,HMGCL_HMGCLL1,Paralogous_gene_pair
395,HMGCS2_HMGCS1,Paralogous_gene_pair
396,HMOX2_HMOX1,Paralogous_gene_pair
397,HOMER3_DSN1,Bioinformatically_derived_pair
398,HOMER3_HNRNPA2B1,Bioinformatically_derived_pair
399,HRH1_EXO1,Bioinformatically_derived_pair
400,HSPE1-MOB4_MOB4,Paralogous_gene_pair
401,HUS1B_HUS1,Paralogous_gene_pair
402,ICAM3_DSN1,Bioinformatically_derived_pair
403,IDE_NRDC,Paralogous_gene_pair
404,IDH1_IDH2,Paralogous_gene_pair
405,IDH3B_IDH3G,Paralogous_gene_pair
406,IER3IP1_CDCA7,Bioinformatically_derived_pair
407,IGF2_TP53,SynLethDB_gene_pair
408,IKBKB_CHUK,Paralogous_gene_pair
409,IL16_PDZD2,Paralogous_gene_pair
410,INADL_MPDZ,Paralogous_gene_pair
411,INF2_DIAPH1,Paralogous_gene_pair
412,INPP5K_ASPM,Bioinformatically_derived_pair
413,INTS6_DDX26B,Paralogous_gene_pair
414,IPO13_TNPO3,Paralogous_gene_pair
415,IPO7_IPO8,Paralogous_gene_pair
416,ISY1-RAB43_ISY1,Paralogous_gene_pair
417,ITPRIPL2_EXO1,Bioinformatically_derived_pair
418,ITSN2_ITSN1,Paralogous_gene_pair
419,IVD_ASPM,Bioinformatically_derived_pair
420,KALRN_TRIO,Paralogous_gene_pair
421,KANSL1L_KANSL1,Paralogous_gene_pair
422,KANSL2_INO80D,Paralogous_gene_pair
423,KAT2B_KAT2A,Paralogous_gene_pair
424,KAT6A_KAT6B,Paralogous_gene_pair
425,KCNMA1_KCNU1,Paralogous_gene_pair
426,KCNT1_KCNT2,Paralogous_gene_pair
427,KDM6A_KDM6B,Miscellaneous_pair
428,KDM6A_UTY,Miscellaneous_pair
429,KDM6B_UTY,Miscellaneous_pair
430,KIAA0922_TMEM131,Paralogous_gene_pair
431,KIF15_ARPC1B,Bioinformatically_derived_pair
432,KIF15_GSDMD,Bioinformatically_derived_pair
433,KIF15_KIF13B,Paralogous_gene_pair
434,KIF1C_DSN1,Bioinformatically_derived_pair
435,KIF22_CCDC88A,Bioinformatically_derived_pair
436,KIF22_CCND1,Bioinformatically_derived_pair
437,KIF9_KIF6,Paralogous_gene_pair
438,KIFC2_KIFC3,Paralogous_gene_pair
439,KLHDC10_KLHDC3,Paralogous_gene_pair
440,KMT2A_KMT2B,Paralogous_gene_pair
441,KMT2C_KMT2D,Paralogous_gene_pair
442,KRAS_MAP3K7,SynLethDB_gene_pair
443,KRAS_MAPK14,SynLethDB_gene_pair
444,KRAS_MIS18A,SynLethDB_gene_pair
445,KRAS_SMC4,SynLethDB_gene_pair
446,KRAS_STK33,SynLethDB_gene_pair
447,KRAS_TBK1,SynLethDB_gene_pair
448,KRAS_TOP1,SynLethDB_gene_pair
449,KRAS_VDAC1,SynLethDB_gene_pair
450,KSR2_KSR1,Paralogous_gene_pair
451,L2HGDH_ARPC1B,Bioinformatically_derived_pair
452,LAMB1_FANCI,Bioinformatically_derived_pair
453,LAMB2_ASPM,Bioinformatically_derived_pair
454,LAMB2_EXO1,Bioinformatically_derived_pair
455,LARP1B_LARP1,Paralogous_gene_pair
456,LARP4B_LARP4,Paralogous_gene_pair
457,LATS1_LATS2,Paralogous_gene_pair
458,LCMT1_LCMT2,Paralogous_gene_pair
459,LCORL_LCOR,Paralogous_gene_pair
460,LDB2_LDB1,Paralogous_gene_pair
461,LEMD2_LEMD3,Paralogous_gene_pair
462,LETM1_LETM2,Paralogous_gene_pair
463,LGALS1_FLVCR1,Bioinformatically_derived_pair
464,LIMK2_LIMK1,Paralogous_gene_pair
465,LIN28A_LIN28B,Paralogous_gene_pair
466,LIN54_MTL5,Paralogous_gene_pair
467,LIX1L_CDC25C,Bioinformatically_derived_pair
468,LMAN1L_LMAN1,Paralogous_gene_pair
469,LMBR1L_KIF15,Bioinformatically_derived_pair
470,LONP1_LONP2,Paralogous_gene_pair
471,LPA_PLG,Paralogous_gene_pair
472,LPP_CCNA2,Bioinformatically_derived_pair
473,LRBA_NBEA,Paralogous_gene_pair
474,LRFN4_POLQ,Bioinformatically_derived_pair
475,LRP12_FANCI,Bioinformatically_derived_pair
476,LRR1_LRRC58,Paralogous_gene_pair
477,LSG1_GNL1,Paralogous_gene_pair
478,LSM14A_LSM14B,Paralogous_gene_pair
479,LSM6_SNRPF,Paralogous_gene_pair
480,LTV1_RP3-468K18.7,Paralogous_gene_pair
481,LYSMD2_ASPM,Bioinformatically_derived_pair
482,LYSMD2_EXO1,Bioinformatically_derived_pair
483,MACF1_DST,Paralogous_gene_pair
484,MAGOH_MAGOHB,Paralogous_gene_pair
485,MAK_ICK,Paralogous_gene_pair
486,MANF_CDNF,Paralogous_gene_pair
487,MAP1B_MAP1A,Paralogous_gene_pair
488,MAP4_TP53,SynLethDB_gene_pair
489,MAPK1_MYC,SynLethDB_gene_pair
490,MAPK8IP1_MAPK8IP2,Paralogous_gene_pair
491,MAPK8IP3_SPAG9,Paralogous_gene_pair
492,MAPKAPK2_TP53,SynLethDB_gene_pair
493,MAPKBP1_WDR62,Paralogous_gene_pair
494,MAPT_MAP2,Paralogous_gene_pair
495,MARVELD1_CYP11B1,Bioinformatically_derived_pair
496,MAT2A_MAT1A,Paralogous_gene_pair
497,MCCC2_PCCB,Paralogous_gene_pair
498,MCM2_AASS,Bioinformatically_derived_pair
499,MCM2_CD44,Bioinformatically_derived_pair
500,MCM2_CMTM3,Bioinformatically_derived_pair
501,MCM2_DBNDD2,Bioinformatically_derived_pair
502,MCM2_FXYD5,Bioinformatically_derived_pair
503,MCM2_GBP3,Bioinformatically_derived_pair
504,MCM2_GLI3,Bioinformatically_derived_pair
505,MCM2_GRB10,Bioinformatically_derived_pair
506,MCM2_HTATIP2,Bioinformatically_derived_pair
507,MCM2_LIX1L,Bioinformatically_derived_pair
508,MCM2_MCM9,Paralogous_gene_pair
509,MCM4_MCM8,Paralogous_gene_pair
510,MCM7_CCND1,Bioinformatically_derived_pair
511,MCM7_FAM111A,Bioinformatically_derived_pair
512,MCTP1_MCTP2,Paralogous_gene_pair
513,MED12L_MED12,Paralogous_gene_pair
514,MED13L_MED13,Paralogous_gene_pair
515,MEGF9_USH2A,Paralogous_gene_pair
516,MEOX2_MEOX1,Paralogous_gene_pair
517,MET_TP53,SynLethDB_gene_pair
518,MET_VHL,SynLethDB_gene_pair
519,MGAT1_POMGNT1,Paralogous_gene_pair
520,MIA2_RP11-407N17.3,Paralogous_gene_pair
521,MIB2_MIB1,Paralogous_gene_pair
522,MICU1_MICU3,Paralogous_gene_pair
523,MLF1_MLF2,Paralogous_gene_pair
524,MLH1_ASPM,Bioinformatically_derived_pair
525,MLH1_CYP11B1,Bioinformatically_derived_pair
526,MLH1_PINK1,SynLethDB_gene_pair
527,MLH1_POLG,SynLethDB_gene_pair
528,MLH3_CYP11B1,Bioinformatically_derived_pair
529,MLKL_ASPM,Bioinformatically_derived_pair
530,MLKL_EXO1,Bioinformatically_derived_pair
531,MLKL_MCM2,Bioinformatically_derived_pair
532,MLLT10_MLLT6,Paralogous_gene_pair
533,MMD2_MMD,Paralogous_gene_pair
534,MND1_ARPC1B,Bioinformatically_derived_pair
535,MND1_DBNDD2,Bioinformatically_derived_pair
536,MND1_GLI3,Bioinformatically_derived_pair
537,MOCS1_ASPM,Bioinformatically_derived_pair
538,MON1A_MON1B,Paralogous_gene_pair
539,MORF4L1_MORF4L2,Paralogous_gene_pair
540,MOV10L1_MOV10,Paralogous_gene_pair
541,MPRIP_TRIOBP,Paralogous_gene_pair
542,MRPL17_SI,Bioinformatically_derived_pair
543,MSH2_PINK1,SynLethDB_gene_pair
544,MSH2_POLB,SynLethDB_gene_pair
545,MSH6_PINK1,SynLethDB_gene_pair
546,MTCL1_SOGA1,Paralogous_gene_pair
547,MTIF2_DMBT1,Bioinformatically_derived_pair
548,MTMR4_MTMR3,Paralogous_gene_pair
549,MTOR_PTEN,SynLethDB_gene_pair
550,MTOR_VHL,SynLethDB_gene_pair
551,MVP_ASPM,Bioinformatically_derived_pair
552,MVP_EXO1,Bioinformatically_derived_pair
553,MVP_FLVCR1,Bioinformatically_derived_pair
554,MYC_KIF15,Bioinformatically_derived_pair
555,MYD88_ASPM,Bioinformatically_derived_pair
556,MYEF2_HNRNPM,Paralogous_gene_pair
557,MYO1B_CDC25C,Bioinformatically_derived_pair
558,MYT1_TP53,SynLethDB_gene_pair
559,NAA11_NAA10,Paralogous_gene_pair
560,NAA15_NAA16,Paralogous_gene_pair
561,NAB1_NAB2,Paralogous_gene_pair
562,NAGPA_ASPM,Bioinformatically_derived_pair
563,NAMPT_PARP1,SynLethDB_gene_pair
564,NAMPT_PARP2,SynLethDB_gene_pair
565,NAPA_NAPB,Paralogous_gene_pair
566,NARFL_NARF,Paralogous_gene_pair
567,NAV1_CCNB1,Bioinformatically_derived_pair
568,NBEAL1_NBEAL2,Paralogous_gene_pair
569,NCAM1_NCAM2,Paralogous_gene_pair
570,NCAPH_AHNAK,Bioinformatically_derived_pair
571,NCAPH_ALKBH3,Bioinformatically_derived_pair
572,NCAPH_ATP10D,Bioinformatically_derived_pair
573,NCAPH_ATXN1,Bioinformatically_derived_pair
574,NCAPH_CAV1,Bioinformatically_derived_pair
575,NCAPH_CAV2,Bioinformatically_derived_pair
576,NCAPH_CD44,Bioinformatically_derived_pair
577,NCAPH_CD9,Bioinformatically_derived_pair
578,NCAPH_CDK14,Bioinformatically_derived_pair
579,NCAPH_CMTM3,Bioinformatically_derived_pair
580,NCAPH_CSRP1,Bioinformatically_derived_pair
581,NCAPH_CYB5A,Bioinformatically_derived_pair
582,NCAPH_DBNDD2,Bioinformatically_derived_pair
583,NCAPH_DCP1B,Bioinformatically_derived_pair
584,NCAPH_DPP7,Bioinformatically_derived_pair
585,NCAPH_EMP3,Bioinformatically_derived_pair
586,NCAPH_EPDR1,Bioinformatically_derived_pair
587,NCAPH_FAH,Bioinformatically_derived_pair
588,NCAPH_FARP1,Bioinformatically_derived_pair
589,NCAPH_FNBP1,Bioinformatically_derived_pair
590,NCAPH_FXYD5,Bioinformatically_derived_pair
591,NCAPH_FYN,Bioinformatically_derived_pair
592,NCAPH_GLI3,Bioinformatically_derived_pair
593,NCAPH_ICAM3,Bioinformatically_derived_pair
594,NCAPH_IVD,Bioinformatically_derived_pair
595,NCAPH_LGALS1,Bioinformatically_derived_pair
596,NCAPH_LGALS3BP,Bioinformatically_derived_pair
597,NCAPH_LHFP,Bioinformatically_derived_pair
598,NCAPH_LIMCH1,Bioinformatically_derived_pair
599,NCAPH_LRP10,Bioinformatically_derived_pair
600,NCAPH_LRP12,Bioinformatically_derived_pair
601,NCAPH_LYSMD2,Bioinformatically_derived_pair
602,NCAPH_MGLL,Bioinformatically_derived_pair
603,NCAPH_MLKL,Bioinformatically_derived_pair
604,NCAPH_MVP,Bioinformatically_derived_pair
605,NCAPH_MYADM,Bioinformatically_derived_pair
606,NCAPH_MYC,Bioinformatically_derived_pair
607,NCAPH_NAP1L5,Bioinformatically_derived_pair
608,NCAPH_PCDH15,Bioinformatically_derived_pair
609,NCEH1_ASPM,Bioinformatically_derived_pair
610,NCEH1_CDC25C,Bioinformatically_derived_pair
611,NCEH1_KIF22,Bioinformatically_derived_pair
612,NCEH1_MND1,Bioinformatically_derived_pair
613,NCK2_NCK1,Paralogous_gene_pair
614,NCKAP1_NCKAP1L,Paralogous_gene_pair
615,NCOA7_OXR1,Paralogous_gene_pair
616,NCOR2_NCOR1,Paralogous_gene_pair
617,NDE1_NDEL1,Paralogous_gene_pair
618,NDUFA13_CTC-260F20.3,Paralogous_gene_pair
619,NDUFA2_CYP11B1,Bioinformatically_derived_pair
620,NDUFA9_KIF15,Bioinformatically_derived_pair
621,NEBL_NEB,Paralogous_gene_pair
622,NEK6_ASPM,Bioinformatically_derived_pair
623,NEK6_CYP11B1,Bioinformatically_derived_pair
624,NEK6_EXO1,Bioinformatically_derived_pair
625,NEK6_NCAPH,Bioinformatically_derived_pair
626,NEK9_CYP11B1,Bioinformatically_derived_pair
627,NETO1_NETO2,Paralogous_gene_pair
628,NEURL1B_NEURL1,Paralogous_gene_pair
629,NFKB1_NFKB2,Paralogous_gene_pair
630,NFX1_NFXL1,Paralogous_gene_pair
631,NIPBL_PARP1,SynLethDB_gene_pair
632,NKAPL_NKAP,Paralogous_gene_pair
633,NLRX1_CENPF,Bioinformatically_derived_pair
634,NLRX1_EXO1,Bioinformatically_derived_pair
635,NME3_ASPM,Bioinformatically_derived_pair
636,NME7_NME8,Paralogous_gene_pair
637,NMT2_NMT1,Paralogous_gene_pair
638,NNT_ASPM,Bioinformatically_derived_pair
639,NODAL_BMP3,Paralogous_gene_pair
640,Non_Tar_RND_control_Non_Tar_RND_control (these are non-targ controls together),Control pair (non-targeting controls paired)
641,NOP56_ABCC12,Bioinformatically_derived_pair
642,NOVA2_NOVA1,Paralogous_gene_pair
643,NPAS2_CLOCK,Paralogous_gene_pair
644,NPC1_NPC1L1,Paralogous_gene_pair
645,NPDC1_ASPM,Bioinformatically_derived_pair
646,NPDC1_DSN1,Bioinformatically_derived_pair
647,NPDC1_EXO1,Bioinformatically_derived_pair
648,NPDC1_NCAPH,Bioinformatically_derived_pair
649,NPEPL1_LAP3,Paralogous_gene_pair
650,NPNT_EGFL6,Paralogous_gene_pair
651,NPTN_BSG,Paralogous_gene_pair
652,NR1D2_CYP11B1,Bioinformatically_derived_pair
653,NRAP_NEB,Paralogous_gene_pair
654,NUBP1_NUBPL,Paralogous_gene_pair
655,NUDC_NUDCD3,Paralogous_gene_pair
656,NUDT12_MCM7,Bioinformatically_derived_pair
657,NUMB_NUMBL,Paralogous_gene_pair
658,NUP210L_NUP210,Paralogous_gene_pair
659,NXT1_NXT2,Paralogous_gene_pair
660,OBSL1_OBSCN,Paralogous_gene_pair
661,OCEL1_MARVELD2,Paralogous_gene_pair
662,OSBPL10_ASPM,Bioinformatically_derived_pair
663,OXCT1_ASPM,Bioinformatically_derived_pair
664,P4HTM_EXO1,Bioinformatically_derived_pair
665,PACS1_PACS2,Paralogous_gene_pair
666,PAK3_TP53,SynLethDB_gene_pair
667,PAM_ASPM,Bioinformatically_derived_pair
668,PAPSS1_PAPSS2,Paralogous_gene_pair
669,PAQR4_PAQR3,Paralogous_gene_pair
670,PARD3B_PARD3,Paralogous_gene_pair
671,PARP1_PARP2,Paralogous_gene_pair
672,PARP1_RAD21,SynLethDB_gene_pair
673,PARP1_RAD51,SynLethDB_gene_pair
674,PARP1_SMC1A,SynLethDB_gene_pair
675,PARP1_SMC3,SynLethDB_gene_pair
676,PARP1_STAG1,SynLethDB_gene_pair
677,PARP1_STAG3,SynLethDB_gene_pair
678,PARP2_RAD21,SynLethDB_gene_pair
679,PARP2_SMC1A,SynLethDB_gene_pair
680,PARP2_SMC3,SynLethDB_gene_pair
681,PARP2_STAG1,SynLethDB_gene_pair
682,PARP2_STAG3,SynLethDB_gene_pair
683,PARP3_ASPM,Bioinformatically_derived_pair
684,PATL1_PATL2,Paralogous_gene_pair
685,PCBD2_PCBD1,Paralogous_gene_pair
686,PCMT1_CYP11B1,Bioinformatically_derived_pair
687,PCNXL2_CCNA2,Bioinformatically_derived_pair
688,PCNXL2_MND1,Bioinformatically_derived_pair
689,PDCD2_PDCD2L,Paralogous_gene_pair
690,PDE3B_PDE3A,Paralogous_gene_pair
691,PDS5A_PDS5B,Paralogous_gene_pair
692,PDZD3_PDZK1,Paralogous_gene_pair
693,PEX5L_PEX5,Paralogous_gene_pair
694,PFDN5_KIF15,Bioinformatically_derived_pair
695,PFDN5_PRKDC,Bioinformatically_derived_pair
696,PFN2_CDC25C,Bioinformatically_derived_pair
697,PGBD1_NCAPH,Bioinformatically_derived_pair
698,PGK2_PGK1,Paralogous_gene_pair
699,PGM1_PGM5,Paralogous_gene_pair
700,PHF11_ASPM,Bioinformatically_derived_pair
701,PHF20L1_PHF20,Paralogous_gene_pair
702,PHLDA3_E2F8,Bioinformatically_derived_pair
703,PHLDB2_PHLDB1,Paralogous_gene_pair
704,PHLPP2_PHLPP1,Paralogous_gene_pair
705,PIF1_MLF1,Bioinformatically_derived_pair
706,PIF1_NCEH1,Bioinformatically_derived_pair
707,PIF1_PFN2,Bioinformatically_derived_pair
708,PIGK_LGMN,Paralogous_gene_pair
709,PKN3_IQGAP3,Bioinformatically_derived_pair
710,PLA2G12A_PLA2G12B,Paralogous_gene_pair
711,PLD1_PLD2,Paralogous_gene_pair
712,PLEKHA7_PLEKHA5,Paralogous_gene_pair
713,PLEKHG5_PLEKHG6,Paralogous_gene_pair
714,PLEKHO1_CCNB1,Bioinformatically_derived_pair
715,PLEKHO1_CDC25C,Bioinformatically_derived_pair
716,PLK1_TP53,SynLethDB_gene_pair
717,PLPP6_PLPP7,Paralogous_gene_pair
718,PLXDC2_PLXDC1,Paralogous_gene_pair
719,PMM2_PMM1,Paralogous_gene_pair
720,PMPCA_UQCRC2,Paralogous_gene_pair
721,PNO1_MFSD10,Bioinformatically_derived_pair
722,PNO1_OGFR,Bioinformatically_derived_pair
723,POGZ_ZNF280D,Paralogous_gene_pair
724,POLE2_CSRP1,Bioinformatically_derived_pair
725,POLE2_DBNDD2,Bioinformatically_derived_pair
726,POLE2_PCNXL2,Bioinformatically_derived_pair
727,POLE4_NFYC,Paralogous_gene_pair
728,POLL_ASPM,Bioinformatically_derived_pair
729,POLL_DSN1,Bioinformatically_derived_pair
730,POLL_NCAPH,Bioinformatically_derived_pair
731,POLR2B_POLR3B,Paralogous_gene_pair
732,POLR3A_POLR2A,Paralogous_gene_pair
733,POMT1_POMT2,Paralogous_gene_pair
734,POP7_CCDC88A,Bioinformatically_derived_pair
735,POP7_DDX21,Bioinformatically_derived_pair
736,POP7_EAF1,Bioinformatically_derived_pair
737,POP7_ELOVL5,Bioinformatically_derived_pair
738,POP7_FAM111A,Bioinformatically_derived_pair
739,POP7_KIAA1586,Bioinformatically_derived_pair
740,POP7_KLHL5,Bioinformatically_derived_pair
741,POP7_PRKDC,Bioinformatically_derived_pair
742,POU6F2_POU6F1,Paralogous_gene_pair
743,PPA2_PPA1,Paralogous_gene_pair
744,PPAN-P2RY11_PPAN,Paralogous_gene_pair
745,PPIB_SPTA1,Bioinformatically_derived_pair
746,PPIL4_CWC27,Paralogous_gene_pair
747,PPM1E_PPM1F,Paralogous_gene_pair
748,PPP1R8_SLC4A1AP,Paralogous_gene_pair
749,PPP2R1B_PPP2R1A,Paralogous_gene_pair
750,PPP4R3B_PPP4R3A,Paralogous_gene_pair
751,PPWD1_PPIL2,Paralogous_gene_pair
752,PRC1_CSMD3,Bioinformatically_derived_pair
753,PRC1_DBNDD2,Bioinformatically_derived_pair
754,PRDM16_MECOM,Paralogous_gene_pair
755,PRICKLE4_ASPM,Bioinformatically_derived_pair
756,PRKAA1_TP53,SynLethDB_gene_pair
757,PRKAB2_PRKAB1,Paralogous_gene_pair
758,PRKCZ_NCAPH,Bioinformatically_derived_pair
759,PRNP_KIF15,Bioinformatically_derived_pair
760,PROX1_PROX2,Paralogous_gene_pair
761,PRPF18_RP11-295P9.13,Paralogous_gene_pair
762,PRPF40A_PRPF40B,Paralogous_gene_pair
763,PRR3_PPP1R10,Paralogous_gene_pair
764,PSEN2_PSEN1,Paralogous_gene_pair
765,PSENEN_AC002398.9,Paralogous_gene_pair
766,PSIP1_CTB-50L17.10,Paralogous_gene_pair
767,PSMB9_PSMB6,Paralogous_gene_pair
768,PTCH2_PTCH1,Paralogous_gene_pair
769,PTDSS1_PTDSS2,Paralogous_gene_pair
770,PTPN21_EXO1,Bioinformatically_derived_pair
771,PTPN21_NCAPH,Bioinformatically_derived_pair
772,PTPRA_KIF15,Bioinformatically_derived_pair
773,PTPRN_PTPRN2,Paralogous_gene_pair
774,PTPRS_ASPM,Bioinformatically_derived_pair
775,PTRF_NCAPH,Bioinformatically_derived_pair
776,PUM1_PUM2,Paralogous_gene_pair
777,PUS7_PUS7L,Paralogous_gene_pair
778,PXDNL_PXDN,Paralogous_gene_pair
779,PYGO2_PYGO1,Paralogous_gene_pair
780,RAB11FIP3_RAB11FIP4,Paralogous_gene_pair
781,RAB31_EXO1,Bioinformatically_derived_pair
782,RAB31_NCAPH,Bioinformatically_derived_pair
783,RABGGTB_PGGT1B,Paralogous_gene_pair
784,RAD21_RAD21L1,Paralogous_gene_pair
785,RAD54L_DBNDD2,Bioinformatically_derived_pair
786,RAD54L_DECR1,Bioinformatically_derived_pair
787,RAD54L_LMBR1L,Bioinformatically_derived_pair
788,RAD54L_NDUFA9,Bioinformatically_derived_pair
789,RAD54L_PFDN5,Bioinformatically_derived_pair
790,RAD9A_RAD9B,Paralogous_gene_pair
791,RAE1_BUB3,Paralogous_gene_pair
792,RANBP17_XPO7,Paralogous_gene_pair
793,RANBP6_IPO5,Paralogous_gene_pair
794,RANBP9_RANBP10,Paralogous_gene_pair
795,RAPH1_APBB1IP,Paralogous_gene_pair
796,RARS_RARS2,Paralogous_gene_pair
797,RB1_SKP2,SynLethDB_gene_pair
798,RB1_TOP2A,SynLethDB_gene_pair
799,RBM14_RBM14-RBM4,Paralogous_gene_pair
800,RBMXL3_RBMXL2,Paralogous_gene_pair
801,RBPJ_RBPJL,Paralogous_gene_pair
802,RBPMS_RBPMS2,Paralogous_gene_pair
803,RC3H1_RC3H2,Paralogous_gene_pair
804,RCAN3_ADAMTS20,Bioinformatically_derived_pair
805,RCC1_RPGR,Paralogous_gene_pair
806,RCL1_RTCA,Paralogous_gene_pair
807,RERE_ATN1,Paralogous_gene_pair
808,RFX5_RFX7,Paralogous_gene_pair
809,RGS14_RGS12,Paralogous_gene_pair
810,RHBDF1_RHBDF2,Paralogous_gene_pair
811,RHOC_DSN1,Bioinformatically_derived_pair
812,RHOT2_RHOT1,Paralogous_gene_pair
813,RHPN1_RHPN2,Paralogous_gene_pair
814,RIC8A_RIC8B,Paralogous_gene_pair
815,RIN2_ASPM,Bioinformatically_derived_pair
816,RIN2_EXO1,Bioinformatically_derived_pair
817,RIOK1_RIOK3,Paralogous_gene_pair
818,RND3_FANCI,Bioinformatically_derived_pair
819,RNF130_POLQ,Bioinformatically_derived_pair
820,RNF135_ASPM,Bioinformatically_derived_pair
821,RNF139_RNF145,Paralogous_gene_pair
822,RNF2_RING1,Paralogous_gene_pair
823,ROBO3_CYP11B1,Bioinformatically_derived_pair
825,RP11-111K18.1_PSMA2,Paralogous_gene_pair
826,RP11-140L24.4_PSMA1,Paralogous_gene_pair
827,RP11-20I23.3_AMDHD2,Paralogous_gene_pair
828,RP11-343C2.12_COG8,Paralogous_gene_pair
829,RP11-343C2.7_TMED6,Paralogous_gene_pair
830,RP11-432B6.3_TRIM59,Paralogous_gene_pair
831,RP11-468E2.6_DCAF11,Paralogous_gene_pair
832,RP11-49K24.6_IER3IP1,Paralogous_gene_pair
833,RP11-565P22.6_NOS1AP,Paralogous_gene_pair
834,RP11-618P17.4_PDCD2L,Paralogous_gene_pair
835,RP11-977G19.10_CNPY2,Paralogous_gene_pair
824,RP1-309K20.6_NFS1,Paralogous_gene_pair
836,RP13-512J5.1_RNASEH1,Paralogous_gene_pair
837,RP5-1042K10.14_ADSL,Paralogous_gene_pair
838,RPA2_RPA4,Paralogous_gene_pair
839,RPL10L_RPL10,Paralogous_gene_pair
840,RPL17-C18orf32_RPL17,Paralogous_gene_pair
841,RPL3L_RPL3,Paralogous_gene_pair
842,RPL7L1_RPL7,Paralogous_gene_pair
843,RPP25L_RPP25,Paralogous_gene_pair
844,RPS6KA4_E2F5,Bioinformatically_derived_pair
845,RPS6KA4_FLVCR1,Bioinformatically_derived_pair
846,RPS6KA4_LYPLAL1,Bioinformatically_derived_pair
847,RRAGC_RRAGD,Paralogous_gene_pair
848,RRAS_ASPM,Bioinformatically_derived_pair
849,RRAS_EXO1,Bioinformatically_derived_pair
850,RRAS_NCAPH,Bioinformatically_derived_pair
851,RRBP1_CNTNAP4,Bioinformatically_derived_pair
852,RRBP1_KIAA1586,Bioinformatically_derived_pair
853,RRM2_RRM2B,Paralogous_gene_pair
854,RRP1B_RRP1,Paralogous_gene_pair
855,RRP9_TEP1,Paralogous_gene_pair
856,RTN4IP1_TP53I3,Paralogous_gene_pair
857,RUFY4_FYCO1,Paralogous_gene_pair
858,RUSC1_RUSC2,Paralogous_gene_pair
859,S100A10_CENPE,Bioinformatically_derived_pair
860,S100A10_DNMT1,Bioinformatically_derived_pair
861,S100A10_MCM2,Bioinformatically_derived_pair
862,S100A16_FANCI,Bioinformatically_derived_pair
863,SAMD12_SAMD10,Paralogous_gene_pair
864,SAMD4A_SAMD4B,Paralogous_gene_pair
865,SAMD7_SAMD11,Paralogous_gene_pair
866,SAR1B_SAR1A,Paralogous_gene_pair
867,SBF2_SBF1,Paralogous_gene_pair
868,SBNO1_SBNO2,Paralogous_gene_pair
869,SCAF8_SCAF4,Paralogous_gene_pair
870,SCHIP1_CDC25C,Bioinformatically_derived_pair
871,SCO1_SCO2,Paralogous_gene_pair
872,SCRIB_LRRC7,Paralogous_gene_pair
873,SCYL1_SCYL3,Paralogous_gene_pair
874,SDC1_SDC3,Paralogous_gene_pair
875,SDSL_CYP11B1,Bioinformatically_derived_pair
876,SEC11A_SEC11C,Paralogous_gene_pair
877,SEC23A_SEC23B,Paralogous_gene_pair
878,SEC23IP_DDHD2,Paralogous_gene_pair
879,SEC24B_SEC24A,Paralogous_gene_pair
880,SEC31A_SEC31B,Paralogous_gene_pair
881,SEC61A1_SEC61A2,Paralogous_gene_pair
882,SEPHS1_SEPHS2,Paralogous_gene_pair
883,SERPINB6_ASPM,Bioinformatically_derived_pair
884,SERPINB6_NCAPH,Bioinformatically_derived_pair
885,SETDB2_SETDB1,Paralogous_gene_pair
886,SFXN3_ASPM,Bioinformatically_derived_pair
887,SGK2_TP53,SynLethDB_gene_pair
888,SHCBP1L_SHCBP1,Paralogous_gene_pair
889,SIKE1_FGFR1OP2,Paralogous_gene_pair
890,SIN3A_SIN3B,Paralogous_gene_pair
891,SIRT2_KIF15,Bioinformatically_derived_pair
892,SIRT2_SIRT3,Paralogous_gene_pair
893,SIRT6_SIRT7,Paralogous_gene_pair
894,SIX4_SIX5,Paralogous_gene_pair
895,SKAP2_ADAMTS20,Bioinformatically_derived_pair
896,SKI_SKIL,Paralogous_gene_pair
897,SKIV2L2_SKIV2L,Paralogous_gene_pair
898,SKOR1_SKOR2,Paralogous_gene_pair
899,SLBP_OGFR,Bioinformatically_derived_pair
900,SLC11A1_SLC11A2,Paralogous_gene_pair
901,SLC16A1_CYP11B1,Bioinformatically_derived_pair
902,SLC25A2_SLC25A15,Paralogous_gene_pair
903,SLC25A37_SLC25A28,Paralogous_gene_pair
904,SLC30A1_SLC30A10,Paralogous_gene_pair
905,SLC31A1_SLC31A2,Paralogous_gene_pair
906,SLC35B2_SLC35B1,Paralogous_gene_pair
907,SLC35B3_SLC35B1,Paralogous_gene_pair
908,SLC35F3_SLC35F4,Paralogous_gene_pair
909,SMAP2_SMAP1,Paralogous_gene_pair
910,SMARCA2_SMARCA4,Paralogous_gene_pair
911,SMARCA4_ASPM,Bioinformatically_derived_pair
912,SMARCA4_DSN1,Bioinformatically_derived_pair
913,SMARCA4_NCAPH,Bioinformatically_derived_pair
914,SMARCA5_SMARCA1,Paralogous_gene_pair
915,SMARCC1_SMARCC2,Paralogous_gene_pair
916,SMC1B_SMC1A,Paralogous_gene_pair
917,SMC4_CD320,Bioinformatically_derived_pair
918,SMC4_CHCHD5,Bioinformatically_derived_pair
919,SMC4_NAGPA,Bioinformatically_derived_pair
920,SMUG1_CEP170,Bioinformatically_derived_pair
921,SMUG1_SMG1,Bioinformatically_derived_pair
922,SNAP91_PICALM,Paralogous_gene_pair
923,SNRK_MELK,Paralogous_gene_pair
924,SNRNP200_ASCC3,Paralogous_gene_pair
925,SNRNP70_SNRNP35,Paralogous_gene_pair
926,SNRPB_ADAMTS12,Bioinformatically_derived_pair
927,SNRPB_ATR,Bioinformatically_derived_pair
928,SNRPB_BBX,Bioinformatically_derived_pair
929,SNRPB_BLVRA,Bioinformatically_derived_pair
930,SNRPB_CACNA1C,Bioinformatically_derived_pair
931,SNRPB_CACNA1S,Bioinformatically_derived_pair
932,SNRPB_CSTF2T,Bioinformatically_derived_pair
933,SNRPB_DNAH8,Bioinformatically_derived_pair
934,SNRPB_DTX3L,Bioinformatically_derived_pair
935,SNRPB_GRB10,Bioinformatically_derived_pair
936,SNRPB_HECTD2,Bioinformatically_derived_pair
937,SNRPB_HIVEP2,Bioinformatically_derived_pair
938,SNRPB_HIVEP3,Bioinformatically_derived_pair
939,SNRPB_HLTF,Bioinformatically_derived_pair
940,SNRPB_MYD88,Bioinformatically_derived_pair
941,SNRPB_NCEH1,Bioinformatically_derived_pair
942,SNRPB_NLRP3,Bioinformatically_derived_pair
943,SNRPB_SLC38A1,Bioinformatically_derived_pair
944,SNRPB2_SNRPA,Paralogous_gene_pair
945,SNRPN_SNRPB,Paralogous_gene_pair
946,SNX24_MCM7,Bioinformatically_derived_pair
947,SOAT1_CDT1,Bioinformatically_derived_pair
948,SOAT1_FANCI,Bioinformatically_derived_pair
949,SOAT1_MND1,Bioinformatically_derived_pair
950,SOAT1_POP7,Bioinformatically_derived_pair
951,SOAT1_SOAT2,Paralogous_gene_pair
952,SOCS5_SOCS4,Paralogous_gene_pair
953,SORBS2_SORBS1,Paralogous_gene_pair
954,SOS1_SOS2,Paralogous_gene_pair
955,SP110_MCM2,Bioinformatically_derived_pair
956,SP110_MCM7,Bioinformatically_derived_pair
957,SP110_POP7,Bioinformatically_derived_pair
958,SPARCL1_SPARC,Paralogous_gene_pair
959,SPECC1_SPECC1L,Paralogous_gene_pair
960,SPHK1_SPHK2,Paralogous_gene_pair
961,SPIRE1_ASPM,Bioinformatically_derived_pair
962,SPIRE2_SPIRE1,Paralogous_gene_pair
963,SPON1_THSD7A,Paralogous_gene_pair
964,SPRYD3_RANBP9,Paralogous_gene_pair
965,SPTA1_SPTAN1,Paralogous_gene_pair
966,SPTLC2_SPTLC3,Paralogous_gene_pair
967,SPTY2D1_CYP11B1,Bioinformatically_derived_pair
968,SREBF1_SREBF2,Paralogous_gene_pair
969,SRP19_CTC-487M23.8,Paralogous_gene_pair
970,SRRM3_SRRM2,Paralogous_gene_pair
971,SRSF11_SREK1,Paralogous_gene_pair
972,SS18_SS18L1,Paralogous_gene_pair
973,STAM2_STAM,Paralogous_gene_pair
974,STAU2_STAU1,Paralogous_gene_pair
975,STIM2_STIM1,Paralogous_gene_pair
976,STK11_ASPM,Bioinformatically_derived_pair
977,STK39_OXSR1,Paralogous_gene_pair
978,STON1-GTF2A1L_STON1,Paralogous_gene_pair
979,STRIP1_STRIP2,Paralogous_gene_pair
980,STT3B_STT3A,Paralogous_gene_pair
981,STXBP6_EXOC1,Paralogous_gene_pair
982,SUCLA2_SUCLG2,Paralogous_gene_pair
983,SUSD1_ASPM,Bioinformatically_derived_pair
984,SUSD2_MUC4,Paralogous_gene_pair
985,SYDE1_ASPM,Bioinformatically_derived_pair
986,SYNJ1_SYNJ2,Paralogous_gene_pair
987,SYS1_SYS1-DBNDD2,Paralogous_gene_pair
988,SYT13_SYT12,Paralogous_gene_pair
989,TADA2B_TADA2A,Paralogous_gene_pair
990,TAF1D_ZNF536,Bioinformatically_derived_pair
991,TAF1L_TAF1,Paralogous_gene_pair
992,TAF4B_TAF4,Paralogous_gene_pair
993,TAF5L_TAF5,Paralogous_gene_pair
994,TAF9_TAF9B,Paralogous_gene_pair
995,TAGAP_ARHGAP20,Paralogous_gene_pair
996,TANC1_TANC2,Paralogous_gene_pair
997,TANC2_DSN1,Bioinformatically_derived_pair
998,TANC2_MCM2,Bioinformatically_derived_pair
999,TARDBP_DAZAP1,Paralogous_gene_pair
1000,TASP1_ASRGL1,Paralogous_gene_pair
1001,TATDN1_TATDN2,Paralogous_gene_pair
1002,TBC1D1_TBC1D4,Paralogous_gene_pair
1003,TBC1D2_NCAPH,Bioinformatically_derived_pair
1004,TBC1D24_RP11-20I23.1,Paralogous_gene_pair
1005,TBL3_ASPM,Bioinformatically_derived_pair
1006,TBPL2_TBP,Paralogous_gene_pair
1007,TCEA2_ASPM,Bioinformatically_derived_pair
1008,TCEA2_CCNA2,Bioinformatically_derived_pair
1009,TCEA2_CDC25C,Bioinformatically_derived_pair
1010,TCEA2_FANCI,Bioinformatically_derived_pair
1011,TCEA2_MND1,Bioinformatically_derived_pair
1012,TCEA2_NCAPH,Bioinformatically_derived_pair
1013,TCEA2_PRC1,Bioinformatically_derived_pair
1014,TCF7L2_SNRPB,Bioinformatically_derived_pair
1015,TDRD15_TDRD6,Paralogous_gene_pair
1016,TECRL_TECR,Paralogous_gene_pair
1017,TEX264_ASPM,Bioinformatically_derived_pair
1018,TGFB1_NCAPH,Bioinformatically_derived_pair
1019,TGFB1I1_NCAPH,Bioinformatically_derived_pair
1020,TGFBI_POSTN,Paralogous_gene_pair
1021,TGFBR2_ASPM,Bioinformatically_derived_pair
1022,THRAP3_CYP11B1,Bioinformatically_derived_pair
1023,TICAM2_TMED7-TICAM2,Paralogous_gene_pair
1024,TIMM23_TIMM23B,Paralogous_gene_pair
1025,TINAG_TINAGL1,Paralogous_gene_pair
1026,TJP1_TJP2,Paralogous_gene_pair
1027,TLK1_TLK2,Paralogous_gene_pair
1028,TLN1_TLN2,Paralogous_gene_pair
1029,TM2D3_TM2D1,Paralogous_gene_pair
1030,TMEM101_DSN1,Bioinformatically_derived_pair
1031,TMEM136_EXO1,Bioinformatically_derived_pair
1032,TMEM136_NCAPH,Bioinformatically_derived_pair
1033,TMEM161B_TMEM161A,Paralogous_gene_pair
1034,TMEM185B_TMEM185A,Paralogous_gene_pair
1035,TMEM30A_TMEM30B,Paralogous_gene_pair
1036,TMEM54_DSN1,Bioinformatically_derived_pair
1037,TMEM64_FANCI,Bioinformatically_derived_pair
1038,TMEM9_TMEM9B,Paralogous_gene_pair
1039,TNFRSF10B_NCAPH,Bioinformatically_derived_pair
1040,TNFRSF12A_ASPM,Bioinformatically_derived_pair
1041,TNFRSF1A_HNRNPA2B1,Bioinformatically_derived_pair
1042,TNK2_TNK1,Paralogous_gene_pair
1043,TNPO1_TNPO2,Paralogous_gene_pair
1044,TOB1_TOB2,Paralogous_gene_pair
1045,TOMM40L_TOMM40,Paralogous_gene_pair
1046,TOP1MT_TOP1,Paralogous_gene_pair
1047,TOP2B_TOP2A,Paralogous_gene_pair
1048,TOP3A_TOP3B,Paralogous_gene_pair
1049,TP53_MCM2,Bioinformatically_derived_pair
1050,TP53_WEE1,SynLethDB_gene_pair
1051,TP53INP1_TP53INP2,Paralogous_gene_pair
1052,TPST1_TPST2,Paralogous_gene_pair
1053,TRAK2_TRAK1,Paralogous_gene_pair
1054,TRAPPC3_TRAPPC3L,Paralogous_gene_pair
1055,TRERF1_ELMSAN1,Paralogous_gene_pair
1056,TRIM14_CYP11B1,Bioinformatically_derived_pair
1057,TRIM14_IQGAP3,Bioinformatically_derived_pair
1058,TRIM21_COL20A1,Bioinformatically_derived_pair
1059,TRIM59_PIGQ,Bioinformatically_derived_pair
1060,TRIP12_HECTD1,Paralogous_gene_pair
1061,TSPAN13_EXO1,Bioinformatically_derived_pair
1062,TSPO_NCAPH,Bioinformatically_derived_pair
1063,TTBK1_TTBK2,Paralogous_gene_pair
1064,TTC7A_TTC7B,Paralogous_gene_pair
1065,TTLL11_TTLL4,Paralogous_gene_pair
1066,TUBB6_EXO1,Bioinformatically_derived_pair
1067,TUBG1_KIF21B,Bioinformatically_derived_pair
1068,TUBGCP3_TUBGCP2,Paralogous_gene_pair
1069,TUFM_EEFSEC,Paralogous_gene_pair
1070,TWF2_TWF1,Paralogous_gene_pair
1071,TXNDC9_CYP11B1,Bioinformatically_derived_pair
1072,TXNL4B_TXNL4A,Paralogous_gene_pair
1073,TYMS_ARNTL2,Bioinformatically_derived_pair
1074,TYMS_CHD7,Bioinformatically_derived_pair
1075,TYMS_DFNA5,Bioinformatically_derived_pair
1076,TYMS_GLI3,Bioinformatically_derived_pair
1077,TYMS_KCNK1,Bioinformatically_derived_pair
1078,TYMS_LYN,Bioinformatically_derived_pair
1079,TYMS_LYPLAL1,Bioinformatically_derived_pair
1080,TYMS_NCEH1,Bioinformatically_derived_pair
1081,TYMS_PFN2,Bioinformatically_derived_pair
1082,TYMS_SCRN1,Bioinformatically_derived_pair
1083,TYMS_SEMA3C,Bioinformatically_derived_pair
1084,TYMS_SGCE,Bioinformatically_derived_pair
1085,TYMS_SKAP2,Bioinformatically_derived_pair
1086,TYMS_TMEM117,Bioinformatically_derived_pair
1087,TYMS_TRIP6,Bioinformatically_derived_pair
1088,TYMS_TSPAN13,Bioinformatically_derived_pair
1089,UAP1_UAP1L1,Paralogous_gene_pair
1090,UBA5_MOCS3,Paralogous_gene_pair
1091,UBAP2L_UBAP2,Paralogous_gene_pair
1092,UBE2E2_EXO1,Bioinformatically_derived_pair
1093,UBE2L6_ASPM,Bioinformatically_derived_pair
1094,UBE2L6_CYP11B1,Bioinformatically_derived_pair
1095,UBE2L6_KIF15,Bioinformatically_derived_pair
1096,UBE2U_UBE2C,Paralogous_gene_pair
1097,UBE2V2_UBE2V1,Paralogous_gene_pair
1098,UBN2_UBN1,Paralogous_gene_pair
1099,UCKL1_UCK2,Paralogous_gene_pair
1100,UHMK1_U2AF2,Paralogous_gene_pair
1101,ULK1_ULK2,Paralogous_gene_pair
1102,UNC119B_UNC119,Paralogous_gene_pair
1103,UNC45A_UNC45B,Paralogous_gene_pair
1104,UPF3A_UPF3B,Paralogous_gene_pair
1105,UQCRC1_PMPCB,Paralogous_gene_pair
1106,USP13_USP5,Paralogous_gene_pair
1107,USP38_USP35,Paralogous_gene_pair
1108,USP42_USP36,Paralogous_gene_pair
1109,USP45_USP16,Paralogous_gene_pair
1110,USP53_USP54,Paralogous_gene_pair
1111,USP6NL_USP6,Paralogous_gene_pair
1112,UST_HS2ST1,Paralogous_gene_pair
1113,UTP14C_UTP14A,Paralogous_gene_pair
1114,UTRN_DMD,Paralogous_gene_pair
1115,VAMP8_PIF1,Bioinformatically_derived_pair
1116,VANGL1_VANGL2,Paralogous_gene_pair
1117,VARS_VARS2,Paralogous_gene_pair
1118,VCP_SPATA5L1,Paralogous_gene_pair
1119,VIM_NCAPH,Bioinformatically_derived_pair
1120,VPS26A_VPS26B,Paralogous_gene_pair
1121,VPS39_TGFBRAP1,Paralogous_gene_pair
1122,VRK1_ARPC1B,Bioinformatically_derived_pair
1123,WASL_WAS,Paralogous_gene_pair
1124,WBSCR16_CCDC109B,Bioinformatically_derived_pair
1125,WDHD1_CHCHD5,Bioinformatically_derived_pair
1126,WDHD1_MOSPD3,Bioinformatically_derived_pair
1127,WDR12_WDR37,Paralogous_gene_pair
1128,WDR72_WDR7,Paralogous_gene_pair
1129,WDTC1_DCAF6,Paralogous_gene_pair
1130,WEE2_WEE1,Paralogous_gene_pair
1131,WIF1_VWDE,Paralogous_gene_pair
1132,WSB2_WSB1,Paralogous_gene_pair
1133,WWTR1_YAP1,Paralogous_gene_pair
1134,XDH_AOX1,Paralogous_gene_pair
1135,XPO1_ATP6V0E1,Bioinformatically_derived_pair
1136,XPO1_CHCHD10,Bioinformatically_derived_pair
1137,XPO1_EGLN2,Bioinformatically_derived_pair
1138,XPO1_HOMER3,Bioinformatically_derived_pair
1139,XPO1_ICAM3,Bioinformatically_derived_pair
1140,XPO1_MVD,Bioinformatically_derived_pair
1141,XPO1_MVP,Bioinformatically_derived_pair
1142,XPO1_NME3,Bioinformatically_derived_pair
1143,XPO1_RRP7A,Bioinformatically_derived_pair
1144,XPO1_TRIM47,Bioinformatically_derived_pair
1145,XPO1_TSPO,Bioinformatically_derived_pair
1146,XRCC1_PARG,Miscellaneous_pair
1147,XRN2_POP7,Bioinformatically_derived_pair
1148,XYLT1_XYLT2,Paralogous_gene_pair
1149,XYLT2_XRN2,Bioinformatically_derived_pair
1150,YIF1A_YIF1B,Paralogous_gene_pair
1151,YIPF1_YIPF2,Paralogous_gene_pair
1152,YIPF7_YIPF5,Paralogous_gene_pair
1153,YTHDC2_POP7,Bioinformatically_derived_pair
1154,ZBTB10_ZBTB46,Paralogous_gene_pair
1155,ZBTB2_ZBTB25,Paralogous_gene_pair
1156,ZBTB44_BACH1,Paralogous_gene_pair
1157,ZC3H6_ZC3H4,Paralogous_gene_pair
1158,ZDHHC13_ZDHHC17,Paralogous_gene_pair
1159,ZDHHC2_NCAPH,Bioinformatically_derived_pair
1160,ZEB2_ZEB1,Paralogous_gene_pair
1161,ZFPL1_FLVCR1,Bioinformatically_derived_pair
1162,ZFPL1_SMC4,Bioinformatically_derived_pair
1163,ZFPL1_TRAF5,Bioinformatically_derived_pair
1164,ZFR_ZFR2,Paralogous_gene_pair
1165,ZMIZ2_ZMIZ1,Paralogous_gene_pair
1166,ZNF175_EXO1,Bioinformatically_derived_pair
1167,ZNF175_MCM2,Bioinformatically_derived_pair
1168,ZNF175_POP7,Bioinformatically_derived_pair
1169,ZNF264_MCM7,Bioinformatically_derived_pair
1170,ZNF264_POP7,Bioinformatically_derived_pair
1171,ZNF264_RUVBL1,Bioinformatically_derived_pair
1172,ZNF268_SNRPB,Bioinformatically_derived_pair
1173,ZNF488_PRDM8,Paralogous_gene_pair
1174,ZNF512_CYP11B1,Bioinformatically_derived_pair
1175,ZNF513_ZNF142,Paralogous_gene_pair
1176,ZNF550_POP7,Bioinformatically_derived_pair
1177,ZNF559_NCAPH,Bioinformatically_derived_pair
1178,ZNF597_ASPM,Bioinformatically_derived_pair
1179,ZNF597_NCAPH,Bioinformatically_derived_pair
1180,ZNF683_PRDM1,Paralogous_gene_pair
1181,ZNF747_ASPM,Bioinformatically_derived_pair
1182,ZNF75A_SNRPB,Bioinformatically_derived_pair
1183,ZNF766_IQGAP3,Bioinformatically_derived_pair
1184,ZNF785_ASPM,Bioinformatically_derived_pair
1185,ZNF785_GLRX2,Bioinformatically_derived_pair
1186,ZNF83_MCM2,Bioinformatically_derived_pair
1187,ZNRF2_ZNRF1,Paralogous_gene_pair
1188,ZSWIM3_CENPF,Bioinformatically_derived_pair
1189,ZSWIM3_WDHD1,Bioinformatically_derived_pair
1190,ZYX_EXO1,Bioinformatically_derived_pair
1191,ZYX_MKI67,Bioinformatically_derived_pair
1192,ZYX_TYMS,Bioinformatically_derived_pair
