gene1,gene2,type,similarity.BMA,similarity.rcmax
CNOT8,CNOT7,Robust,0.687,0.75
ARFGEF2,ARFGEF1,Robust,0.611,0.614
SAR1B,SAR1A,Robust,0.622,0.702
CHMP1B,CHMP1A,Robust,0.659,0.69
GSK3B,GSK3A,Robust,0.649,0.697
SLC25A37,SLC25A28,Robust,0.65,0.75
TIAL1,TIA1,Robust,0.488,0.648
CCNL2,CCNL1,Robust,0.708,0.75
CSTF2T,CSTF2,Robust,0.716,0.727
MAPK3,MAPK1,Robust,0.719,0.721
NDEL1,NDE1,Robust,0.708,0.719
ASF1B,ASF1A,Robust,0.717,0.75
FAM50B,FAM50A,Robust,0.614,0.65
HSP90AB1,HSP90AA1,Robust,0.672,0.677
PITPNB,PITPNA,Robust,0.685,0.69
EAF2,EAF1,Robust,0.707,0.741
PDS5B,PDS5A,Robust,0.707,0.719
PMM2,PMM1,Robust,0.737,0.75
CAPZA2,CAPZA1,Robust,0.696,0.75
CDS2,CDS1,Robust,0.702,0.739
CHML,CHM,Robust,0.715,0.733
CLASP2,CLASP1,Robust,0.701,0.715
DDX39B,DDX39A,Robust,0.675,0.735
LARP1B,LARP1,Robust,0.243,0.667
SEC23B,SEC23A,Robust,0.559,0.679
TLK2,TLK1,Robust,0.677,0.693
NABP2,NABP1,Robust,0.717,0.75
CSNK1E,CSNK1D,Robust,0.664,0.689
CSNK2A2,CSNK2A1,Robust,0.703,0.718
DDX19B,DDX19A,Robust,0.608,0.642
DNAJA2,DNAJA1,Robust,0.589,0.689
KDELR2,KDELR1,Robust,0.719,0.75
PTP4A2,PTP4A1,Robust,0.618,0.68
TTC7B,TTC7A,Robust,0.667,0.75
ARID1B,ARID1A,Robust,0.654,0.708
DMXL2,DMXL1,Robust,0.5,0.75
SMARCA4,SMARCA2,Robust,0.635,0.715
ATP6V0A2,ATP6V0A1,Robust,0.655,0.715
ATP6V1C2,ATP6V1C1,Robust,0.696,0.705
EIF1B,EIF1,Robust,0.588,0.679
EPC2,EPC1,Robust,0.44,0.75
FAM126B,FAM126A,Robust,0.646,0.75
HDAC2,HDAC1,Robust,0.689,0.72
SNRPB2,SNRPA,Robust,0.653,0.679
UAP1L1,UAP1,Robust,0.375,0.75
DDX5,DDX17,Robust,0.672,0.702
IDH3G,IDH3B,Robust,0.658,0.667
NRDC,IDE,Robust,0.522,0.687
PAPOLG,PAPOLA,Robust,0.589,0.63
SRRM3,SRRM2,Robust,0.15,0.75
ZC3H6,ZC3H4,Robust,0.479,0.5
AKIRIN2,AKIRIN1,Robust,0.661,0.681
CKS2,CKS1B,Robust,0.721,0.75
DRG2,DRG1,Robust,0.634,0.677
IREB2,ACO1,Robust,0.698,0.73
POC1B,POC1A,Robust,0.554,0.75
RALB,RALA,Robust,0.619,0.631
RPL22L1,RPL22,Robust,0.395,0.75
RPS27L,RPS27,Robust,0.581,0.644
SRSF6,SRSF4,Robust,0.671,0.725
SSH2,SSH1,Robust,0.679,0.7
TRA2B,TRA2A,Robust,0.613,0.694
UBE2B,UBE2A,Robust,0.686,0.729
VAPB,VAPA,Robust,0.655,0.659
VPS4B,VPS4A,Robust,0.679,0.695
DYNC1LI2,DYNC1LI1,Robust,0.645,0.75
ROCK2,ROCK1,Robust,0.692,0.702
CCNE2,CCNE1,Robust,0.701,0.717
FNIP2,FNIP1,Robust,0.687,0.726
CAB39L,CAB39,Robust,0.518,0.75
CRKL,CRK,Robust,0.607,0.646
DYNLT3,DYNLT1,Robust,0.482,0.688
GABPB2,GABPB1,Robust,0.667,0.75
MEF2D,MEF2A,Robust,0.664,0.709
RRAGD,RRAGC,Robust,0.729,0.738
STK39,OXSR1,Robust,0.669,0.672
STX7,STX12,Robust,0.61,0.636
RRAGB,RRAGA,Robust,0.7,0.712
FKBP5,FKBP4,Robust,0.711,0.731
GAK,DNAJC6,Robust,0.568,0.717
RPP25L,RPP25,Robust,0.553,0.75
XYLT2,XYLT1,Robust,0.725,0.741
BRD3,BRD2,Robust,0.519,0.75
CDK6,CDK4,Robust,0.674,0.694
CHPT1,CEPT1,Robust,0.677,0.712
DYNLL2,DYNLL1,Robust,0.664,0.674
EP300,CREBBP,Robust,0.686,0.708
GDI2,GDI1,Robust,0.588,0.617
GFPT2,GFPT1,Robust,0.678,0.688
IMPDH2,IMPDH1,Robust,0.652,0.7
MBNL2,MBNL1,Robust,0.67,0.719
PFN2,PFN1,Robust,0.657,0.713
PRKAR1B,PRKAR1A,Robust,0.672,0.75
PTBP2,PTBP1,Robust,0.523,0.75
SLC20A2,SLC20A1,Robust,0.686,0.694
STAG2,STAG1,Robust,0.729,0.735
TIMM17B,TIMM17A,Robust,0.697,0.7
ZFP36L2,ZFP36L1,Robust,0.623,0.738
G3BP2,G3BP1,Conditional,0.65,0.733
AP2A2,AP2A1,Conditional,0.708,0.708
SEC24B,SEC24A,Conditional,0.75,0.75
SAFB2,SAFB,Conditional,0.645,0.661
STAM2,STAM,Conditional,0.69,0.703
ARPC1B,ARPC1A,Conditional,0.641,0.694
ARPC5L,ARPC5,Conditional,0.527,0.658
MED13L,MED13,Conditional,0.486,0.75
YIF1B,YIF1A,Conditional,0.689,0.722
COQ10B,COQ10A,Conditional,0.75,0.75
CCNT2,CCNT1,Conditional,0.707,0.718
COPS7B,COPS7A,Conditional,0.75,0.75
AP2B1,AP1B1,Conditional,0.572,0.625
DYNC1I2,DYNC1I1,Conditional,0.648,0.674
MAP2K2,MAP2K1,Conditional,0.698,0.7
RANBP6,IPO5,Conditional,0.579,0.75
SEPHS2,SEPHS1,Conditional,0.589,0.632
SHMT2,SHMT1,Conditional,0.683,0.72
UPF3B,UPF3A,Conditional,0.668,0.696
HNRNPD,HNRNPAB,Conditional,0.642,0.719
MFN2,MFN1,Conditional,0.673,0.682
PSPC1,NONO,Conditional,0.684,0.75
FNDC3B,FNDC3A,Conditional,0.438,0.75
MTMR4,MTMR3,Conditional,0.685,0.687
PUM2,PUM1,Conditional,0.728,0.729
PCMTD2,PCMTD1,Conditional,0.75,0.75
ACACB,ACACA,Conditional,0.665,0.67
ACSL4,ACSL3,Conditional,0.651,0.68
ALAS2,ALAS1,Conditional,0.699,0.731
ARL8B,ARL8A,Conditional,0.62,0.63
ATP6V1E2,ATP6V1E1,Conditional,0.667,0.75
CCT6B,CCT6A,Conditional,0.541,0.75
CHD2,CHD1,Conditional,0.387,0.562
COPG2,COPG1,Conditional,0.719,0.75
EEF1A2,EEF1A1,Conditional,0.519,0.734
KAT2B,KAT2A,Conditional,0.66,0.663
KATNAL1,KATNA1,Conditional,0.698,0.714
NCK2,NCK1,Conditional,0.638,0.706
OAZ2,OAZ1,Conditional,0.741,0.75
PAXBP1,GCFC2,Conditional,0.407,0.601
PPA2,PPA1,Conditional,0.654,0.667
PPP2R1B,PPP2R1A,Conditional,0.545,0.645
PSMB9,PSMB6,Conditional,0.741,0.744
PYCR2,PYCR1,Conditional,0.718,0.75
RABL2B,RABL2A,Conditional,0.495,0.75
RHPN2,RHPN1,Conditional,0.5,0.75
RRM2B,RRM2,Conditional,0.699,0.704
SEC11C,SEC11A,Conditional,0.75,0.75
SOS2,SOS1,Conditional,0.635,0.75
SPOPL,SPOP,Conditional,0.714,0.736
TMED7,TMED3,Conditional,0.743,0.75
TNKS2,TNKS,Conditional,0.69,0.725
TOP1MT,TOP1,Conditional,0.469,0.643
TOP2B,TOP2A,Conditional,0.655,0.722
XPO7,RANBP17,Conditional,0.607,0.75
ZNF76,ZNF143,Conditional,0.677,0.694
ARG2,ARG1,Conditional,0.618,0.661
MLLT3,MLLT1,Conditional,0.597,0.719
RPRD1B,RPRD1A,Conditional,0.706,0.75
TRAPPC6B,TRAPPC6A,Conditional,0.738,0.75
TRIB2,TRIB1,Conditional,0.609,0.718
USP49,USP44,Conditional,0.687,0.703
ARID4B,ARID4A,Conditional,0.605,0.669
CCNI2,CCNI,Conditional,0.712,0.75
CDK13,CDK12,Conditional,0.673,0.733
DAGLB,DAGLA,Conditional,0.659,0.673
DCP1B,DCP1A,Conditional,0.687,0.727
ELL2,ELL,Conditional,0.653,0.75
EXOC3L1,EXOC3,Conditional,0.607,0.667
KMT2B,KMT2A,Conditional,0.698,0.75
LIMK2,LIMK1,Conditional,0.649,0.669
PEX5L,PEX5,Conditional,0.601,0.714
SCO2,SCO1,Conditional,0.703,0.75
STXBP6,EXOC1,Conditional,0.613,0.662
TAF5L,TAF5,Conditional,0.63,0.659
TASP1,ASRGL1,Conditional,0.452,0.522
USP38,USP35,Conditional,0.717,0.75
USP42,USP36,Conditional,0.61,0.705
ADCY6,ADCY5,Conditional,0.703,0.711
ATP6V0E2,ATP6V0E1,Conditional,0.724,0.75
BMP8B,BMP8A,Conditional,0.636,0.686
CDH9,CDH6,Conditional,0.687,0.712
CDK11B,CDK11A,Conditional,0.685,0.75
CHCHD2,CHCHD10,Conditional,0.568,0.6
CLCN2,CLCN1,Conditional,0.672,0.72
CUL4B,CUL4A,Conditional,0.708,0.719
DNAH17,DNAH11,Conditional,0.654,0.691
ELK4,ELK1,Conditional,0.692,0.707
GNB2,GNB1,Conditional,0.692,0.702
HNRNPLL,HNRNPL,Conditional,0.618,0.744
HOMER3,HOMER1,Conditional,0.625,0.631
KLKB1,F11,Conditional,0.721,0.741
LMTK2,AATK,Conditional,0.447,0.553
ORAI3,ORAI1,Conditional,0.495,0.75
PLAGL2,PLAG1,Conditional,0.602,0.609
PLCL2,PLCL1,Conditional,0.451,0.486
POM121C,POM121,Conditional,0.721,0.75
PRELID3B,PRELID3A,Conditional,0.639,0.75
RBBP7,RBBP4,Conditional,0.664,0.712
SEC24D,SEC24C,Conditional,0.743,0.75
SYNCRIP,HNRNPR,Conditional,0.648,0.709
TCF7L2,TCF7,Conditional,0.584,0.692
TRIM16L,TRIM16,Conditional,0.303,0.75
TRIM63,TRIM54,Conditional,0.675,0.75
USP6,USP32,Conditional,0.589,0.643
UTY,KDM6B,Conditional,0.697,0.75
GOLPH3L,GOLPH3,Others,0.668,0.688
SBF2,SBF1,Others,0.603,0.667
ABL2,ABL1,Others,0.637,0.72
ARFIP2,ARFIP1,Others,0.567,0.701
BICD2,BICD1,Others,0.615,0.657
EZH2,EZH1,Others,0.472,0.699
GIT2,GIT1,Others,0.637,0.688
IKBKB,CHUK,Others,0.716,0.722
ITSN2,ITSN1,Others,0.62,0.676
LATS2,LATS1,Others,0.696,0.718
NBEA,LRBA,Others,0.645,0.75
NET1,ARHGEF3,Others,0.655,0.741
NUMBL,NUMB,Others,0.494,0.611
PACS2,PACS1,Others,0.555,0.609
PSEN2,PSEN1,Others,0.637,0.732
RANBP9,RANBP10,Others,0.659,0.75
RIC8B,RIC8A,Others,0.643,0.679
RNF2,RING1,Others,0.696,0.725
SEC23IP,DDHD2,Others,0.598,0.658
SIKE1,FGFR1OP2,Others,0.571,0.625
SMARCC2,SMARCC1,Others,0.728,0.746
SPAG9,MAPK8IP3,Others,0.583,0.75
SS18L1,SS18,Others,0.636,0.667
TNPO2,TNPO1,Others,0.585,0.75
TOB2,TOB1,Others,0.637,0.645
ULK2,ULK1,Others,0.556,0.75
UNC119B,UNC119,Others,0.603,0.651
YIPF2,YIPF1,Others,0.717,0.75
ZMIZ2,ZMIZ1,Others,0.629,0.675
ADIPOR2,ADIPOR1,Others,0.656,0.75
ARHGAP5,ARHGAP35,Others,0.525,0.6
CRY2,CRY1,Others,0.675,0.714
DDI2,DDI1,Others,0.542,0.75
DEGS2,DEGS1,Others,0.56,0.66
ENTPD7,ENTPD4,Others,0.691,0.693
ERC2,ERC1,Others,0.585,0.714
EVI5L,EVI5,Others,0.698,0.72
GXYLT2,GXYLT1,Others,0.75,0.75
GYS2,GYS1,Others,0.674,0.733
LIN28B,LIN28A,Others,0.624,0.669
NR2C2,NR2C1,Others,0.695,0.703
PAFAH1B3,PAFAH1B2,Others,0.623,0.652
PRPSAP2,PRPSAP1,Others,0.75,0.75
RBPMS2,RBPMS,Others,0.56,0.618
RCBTB2,RCBTB1,Others,0,0
RHBDF2,RHBDF1,Others,0.62,0.7
RHOT2,RHOT1,Others,0.714,0.734
RNF44,RNF38,Others,0.292,0.75
SAP30L,SAP30,Others,0.652,0.722
SLC41A2,SLC41A1,Others,0.361,0.75
SMURF2,SMURF1,Others,0.655,0.693
SPRED2,SPRED1,Others,0.634,0.75
SPTAN1,SPTA1,Others,0.584,0.639
SPTLC3,SPTLC2,Others,0.714,0.729
TANC2,TANC1,Others,0,0
THOP1,NLN,Others,0.669,0.708
TLN2,TLN1,Others,0.628,0.75
TMEM39B,TMEM39A,Others,0.275,0.75
ATAD2B,ATAD2,Others,0.668,0.722
DUSP8,DUSP16,Others,0.606,0.75
FLOT2,FLOT1,Others,0.653,0.686
HMG20B,HMG20A,Others,0.548,0.688
KAT6B,KAT6A,Others,0.689,0.75
LSM14B,LSM14A,Others,0.275,0.75
PHLPP2,PHLPP1,Others,0.678,0.688
RC3H2,RC3H1,Others,0.687,0.69
SMAP2,SMAP1,Others,0.5,0.5
SOCS5,SOCS4,Others,0.609,0.75
SUCLG2,SUCLA2,Others,0.693,0.725
TRAK2,TRAK1,Others,0.688,0.75
UBAP2L,UBAP2,Others,0.483,0.7
UBE2V2,UBE2V1,Others,0.669,0.724
ABHD5,ABHD4,Others,0.553,0.602
ACVR2B,ACVR2A,Others,0.708,0.711
ADAP2,ADAP1,Others,0.62,0.661
AK4,AK3,Others,0.655,0.708
ALG10B,ALG10,Others,0.607,0.75
ANKRD13D,ANKRD13A,Others,0.722,0.75
AP3M2,AP3M1,Others,0.559,0.7
AP3S2,AP3S1,Others,0.565,0.75
APH1B,APH1A,Others,0.726,0.734
ARHGEF7,ARHGEF6,Others,0.517,0.75
ASAP2,ASAP1,Others,0.375,0.75
ATF7,ATF2,Others,0.564,0.673
ATP6V1B2,ATP6V1B1,Others,0.564,0.659
B4GALT2,B4GALT1,Others,0.565,0.694
BAG4,BAG3,Others,0.679,0.694
BCL11B,BCL11A,Others,0.601,0.663
BTBD11,ABTB2,Others,0,0
BTBD2,BTBD1,Others,0.634,0.75
BTN2A2,BTN2A1,Others,0.647,0.667
BZW2,BZW1,Others,0.675,0.7
CADPS2,CADPS,Others,0.525,0.55
CAMKK2,CAMKK1,Others,0.503,0.537
CAND2,CAND1,Others,0.54,0.75
CAP2,CAP1,Others,0.641,0.659
CCNYL1,CCNY,Others,0.591,0.75
CDC42BPB,CDC42BPA,Others,0.666,0.688
CDH3,CDH1,Others,0.575,0.627
CERKL,CERK,Others,0.553,0.65
CHSY3,CHSY1,Others,0.594,0.75
CLTB,CLTA,Others,0.652,0.731
CLTCL1,CLTC,Others,0.629,0.672
CNNM4,CNNM2,Others,0.654,0.667
COPZ2,COPZ1,Others,0.75,0.75
CREB1,ATF1,Others,0.69,0.721
CREM,ATF1,Others,0.651,0.659
CTPS2,CTPS1,Others,0.646,0.743
CUX2,CUX1,Others,0.65,0.673
CYFIP2,CYFIP1,Others,0.569,0.636
DGKZ,DGKI,Others,0.683,0.703
DIAPH3,DIAPH1,Others,0.276,0.625
DNAJB14,DNAJB12,Others,0.728,0.75
DPP9,DPP8,Others,0.531,0.55
DUOX2,DUOX1,Others,0.701,0.738
DYNLRB2,DYNLRB1,Others,0.684,0.75
DYRK3,DYRK2,Others,0.637,0.643
EFR3B,EFR3A,Others,0.643,0.667
ENOX2,ENOX1,Others,0.375,0.375
ENSA,ARPP19,Others,0.631,0.654
ERLIN2,ERLIN1,Others,0.711,0.75
ERO1B,ERO1A,Others,0.657,0.722
ESRP2,ESRP1,Others,0.71,0.729
EXOC6B,EXOC6,Others,0.667,0.75
FAHD2B,FAHD2A,Others,0.583,0.75
FAM76B,FAM76A,Others,0.333,0.5
FEZ2,FEZ1,Others,0.692,0.724
FEZF2,FEZF1,Others,0.339,0.553
FHOD3,FHOD1,Others,0.532,0.686
FIGNL1,FIGN,Others,0.61,0.75
FN3KRP,FN3K,Others,0.589,0.75
FOXN3,FOXN2,Others,0.665,0.675
FRS3,FRS2,Others,0.633,0.711
FRYL,FRY,Others,0.667,0.75
GFOD2,GFOD1,Others,0,0
GLB1L,GLB1,Others,0.318,0.75
GNA13,GNA12,Others,0.664,0.699
GNPDA2,GNPDA1,Others,0.685,0.727
GOLT1B,GOLT1A,Others,0.582,0.611
GPR108,GPR107,Others,0.595,0.625
GRIP2,GRIP1,Others,0.455,0.75
GRK3,GRK2,Others,0.574,0.716
HEATR5B,HEATR5A,Others,0.625,0.75
HEXB,HEXA,Others,0.691,0.693
HIPK3,HIPK1,Others,0.632,0.66
HMGCLL1,HMGCL,Others,0.653,0.683
HMGCS2,HMGCS1,Others,0.606,0.628
IDH2,IDH1,Others,0.593,0.711
IFRD2,IFRD1,Others,0.167,0.167
IPO8,IPO7,Others,0.646,0.729
IQGAP3,IQGAP1,Others,0.474,0.722
JUP,CTNNB1,Others,0.635,0.666
KBTBD7,KBTBD6,Others,0.735,0.75
KCNT2,KCNT1,Others,0.614,0.75
KCTD5,KCTD2,Others,0.654,0.75
KDM5B,KDM5A,Others,0.703,0.715
KMT2D,KMT2C,Others,0.665,0.683
LCORL,LCOR,Others,0.576,0.75
LDB2,LDB1,Others,0.671,0.708
LIN7C,LIN7B,Others,0.678,0.75
LMAN2L,LMAN2,Others,0.658,0.671
LMBR1L,LMBR1,Others,0.589,0.75
LMNB2,LMNB1,Others,0.455,0.507
MACF1,DST,Others,0.58,0.598
MAGOHB,MAGOH,Others,0.712,0.721
MANF,CDNF,Others,0.444,0.75
MAP3K3,MAP3K2,Others,0.573,0.605
MAPKAPK3,MAPKAPK2,Others,0.686,0.738
MAT2A,MAT1A,Others,0.68,0.695
MBTD1,L3MBTL2,Others,0.654,0.714
MED12L,MED12,Others,0.524,0.75
METTL2B,METTL2A,Others,0.714,0.75
MKNK2,MKNK1,Others,0.723,0.735
MMD2,MMD,Others,0.57,0.674
MORF4L2,MORF4L1,Others,0.7,0.708
MRFAP1L1,MRFAP1,Others,0.5,0.625
MTHFD2L,MTHFD2,Others,0.575,0.75
MYEF2,HNRNPM,Others,0.549,0.654
MYL6B,MYL6,Others,0.688,0.727
MZT2B,MZT2A,Others,0.75,0.75
NAA11,NAA10,Others,0.629,0.692
NAA16,NAA15,Others,0.683,0.731
NAP1L4,NAP1L1,Others,0.638,0.678
NAPB,NAPA,Others,0.655,0.75
NBEAL2,NBEAL1,Others,0.519,0.75
NCKAP1L,NCKAP1,Others,0.65,0.685
NFIC,NFIA,Others,0.675,0.692
NIPSNAP2,NIPSNAP1,Others,0.529,0.672
NKAPL,NKAP,Others,0.5,0.75
NKIRAS2,NKIRAS1,Others,0.5,0.75
NMT2,NMT1,Others,0.705,0.718
NOVA2,NOVA1,Others,0.6,0.75
NPAS2,CLOCK,Others,0.693,0.706
NT5DC3,NT5DC2,Others,0.5,0.75
NUCB2,NUCB1,Others,0.639,0.688
NUP210L,NUP210,Others,0.154,0.75
NXT2,NXT1,Others,0.639,0.75
PAPSS2,PAPSS1,Others,0.653,0.714
PARD3B,PARD3,Others,0.62,0.732
PCCB,MCCC2,Others,0.607,0.664
PGK2,PGK1,Others,0.55,0.694
PGM5,PGM1,Others,0.423,0.535
PHF20L1,PHF20,Others,0.527,0.75
PHIP,BRWD1,Others,0.596,0.649
PLCD4,PLCD1,Others,0.638,0.656
PNMA1,MOAP1,Others,0.382,0.65
PPIP5K2,PPIP5K1,Others,0.713,0.729
PPM1B,PPM1A,Others,0.677,0.706
PPP3CB,PPP3CA,Others,0.688,0.704
PRAF2,ARL6IP5,Others,0.333,0.75
PRDM16,MECOM,Others,0.664,0.667
PRKAB2,PRKAB1,Others,0.708,0.714
PRPF40B,PRPF40A,Others,0.528,0.75
PURB,PURA,Others,0.672,0.719
PUS7L,PUS7,Others,0.526,0.688
PXDNL,PXDN,Others,0.347,0.75
R3HDM2,R3HDM1,Others,0.583,0.75
RAD23B,RAD23A,Others,0.668,0.722
RALGAPA2,RALGAPA1,Others,0.5,0.583
RALGPS2,RALGPS1,Others,0.125,0.25
RAPGEF6,RAPGEF2,Others,0.59,0.692
RBPJL,RBPJ,Others,0.513,0.745
RPL10L,RPL10,Others,0.547,0.699
RPL3L,RPL3,Others,0.566,0.679
RPS6KB2,RPS6KB1,Others,0.629,0.742
RSBN1L,RSBN1,Others,0.75,0.75
SAMD4B,SAMD4A,Others,0.723,0.75
SEC61A2,SEC61A1,Others,0.569,0.646
SFXN2,SFXN1,Others,0.708,0.75
SGTB,SGTA,Others,0.577,0.75
SIRT3,SIRT2,Others,0.582,0.616
SLC11A2,SLC11A1,Others,0.573,0.593
SLC25A2,SLC25A15,Others,0.694,0.75
SLC25A36,SLC25A33,Others,0.571,0.688
SLC41A3,SLC41A1,Others,0.444,0.75
SMARCA5,SMARCA1,Others,0.638,0.676
SNRPN,SNRPB,Others,0.67,0.75
SNX2,SNX1,Others,0.73,0.75
STRIP2,STRIP1,Others,0.639,0.687
STX6,STX10,Others,0.701,0.736
TAF1L,TAF1,Others,0.58,0.674
TAF9B,TAF9,Others,0.647,0.712
TBC1D22B,TBC1D22A,Others,0.727,0.75
TBPL2,TBP,Others,0.492,0.7
TIGD2,JRKL,Others,0.6,0.75
TIMM23B,TIMM23,Others,0.499,0.539
TMED5,TMED1,Others,0.667,0.687
TMED9,TMED4,Others,0.516,0.695
TMEM30B,TMEM30A,Others,0.636,0.75
TMEM50B,TMEM50A,Others,0.588,0.75
TMEM63B,TMEM63A,Others,0.458,0.688
TMEM9B,TMEM9,Others,0.206,0.566
TOM1L2,TOM1,Others,0.616,0.705
TOMM40L,TOMM40,Others,0.525,0.552
TOR1B,TOR1A,Others,0.619,0.728
TPST2,TPST1,Others,0.705,0.725
TRAPPC3L,TRAPPC3,Others,0.681,0.696
TRIM33,TRIM24,Others,0.569,0.629
TRIO,KALRN,Others,0.592,0.622
TRIP10,FNBP1L,Others,0.598,0.599
TST,MPST,Others,0.59,0.627
TTC30B,TTC30A,Others,0.622,0.75
TWF2,TWF1,Others,0.639,0.688
TYK2,JAK1,Others,0.667,0.732
UBTD2,UBTD1,Others,0.75,0.75
UCK2,UCK1,Others,0.625,0.75
UGGT2,UGGT1,Others,0.718,0.75
UNC45B,UNC45A,Others,0.475,0.75
UQCRC1,PMPCB,Others,0.557,0.592
USP28,USP25,Others,0.646,0.664
USP33,USP20,Others,0.674,0.75
USP4,USP15,Others,0.659,0.676
USP46,USP12,Others,0.667,0.75
USP5,USP13,Others,0.663,0.719
UTP14C,UTP14A,Others,0.615,0.75
UTRN,DMD,Others,0.583,0.585
VANGL2,VANGL1,Others,0.571,0.75
VPS26B,VPS26A,Others,0.561,0.75
WDFY2,WDFY1,Others,0.589,0.595
WDR20,DMWD,Others,0.2,0.25
WDR62,MAPKBP1,Others,0.484,0.537
ZDHHC18,ZDHHC14,Others,0.737,0.75
ZDHHC7,ZDHHC3,Others,0.689,0.698
ZNF302,ZNF181,Others,0.694,0.75
ZNF324B,ZNF324,Others,0.586,0.75
ZNF562,ZNF561,Others,0.674,0.745
ZNF587B,ZNF552,Others,0.57,0.64
ZNF773,ZNF419,Others,0.75,0.75
AGPAT4,AGPAT3,Others,0.602,0.714
AMMECR1L,AMMECR1,Others,0.357,0.75
ANXA2,ANXA1,Others,0.616,0.624
AP1G2,AP1G1,Others,0.592,0.708
AP3B2,AP3B1,Others,0.407,0.667
ATG4B,ATG4A,Others,0.586,0.75
BCAT2,BCAT1,Others,0.651,0.681
CERS3,CERS2,Others,0.694,0.705
CERS6,CERS5,Others,0.694,0.75
CNOT6L,CNOT6,Others,0.718,0.75
DENND5B,DENND5A,Others,0.531,0.75
DENND6B,DENND6A,Others,0.65,0.75
DGKH,DGKD,Others,0.647,0.706
DNASE1L2,DNASE1,Others,0.636,0.677
DYRK1B,DYRK1A,Others,0.63,0.724
FAM168B,FAM168A,Others,0,0
FAR2,FAR1,Others,0.679,0.75
FBXL20,FBXL2,Others,0.564,0.7
FBXO32,FBXO25,Others,0.3,0.5
FSCN2,FSCN1,Others,0.462,0.703
GALNT13,GALNT1,Others,0.661,0.708
GATA3,GATA2,Others,0.636,0.674
GPD1L,GPD1,Others,0.492,0.656
GPSM2,GPSM1,Others,0.488,0.587
HEY2,HEY1,Others,0.715,0.737
HOXB7,HOXA7,Others,0.675,0.717
HS6ST3,HS6ST1,Others,0.412,0.75
IDI2,IDI1,Others,0.696,0.74
JAG2,JAG1,Others,0.548,0.647
KIF13B,KIF13A,Others,0.6,0.626
KLF7,KLF6,Others,0.636,0.661
KLHL3,KLHL2,Others,0.541,0.625
LANCL2,LANCL1,Others,0.512,0.536
LRIG3,LRIG2,Others,0.714,0.75
LRRN3,LRRN1,Others,0.6,0.75
MAN2A2,MAN2A1,Others,0.635,0.75
MPP7,MPP3,Others,0.172,0.75
MSX2,MSX1,Others,0.648,0.666
NECAP2,NECAP1,Others,0.51,0.75
NSG2,NSG1,Others,0.635,0.714
NT5M,NT5C,Others,0.514,0.651
PDE8B,PDE8A,Others,0.613,0.679
PHIP,BRWD3,Others,0.606,0.75
PHYKPL,ETNPPL,Others,0.454,0.461
PRKCQ,PRKCD,Others,0.621,0.673
PTGS2,PTGS1,Others,0.618,0.633
PTPN4,PTPN3,Others,0.64,0.678
RALYL,RALY,Others,0.635,0.667
RBM38,RBM24,Others,0.519,0.639
RFX3,RFX2,Others,0.709,0.75
RHOBTB2,RHOBTB1,Others,0.75,0.75
RIMKLB,RIMKLA,Others,0.705,0.75
RIT2,RIT1,Others,0.662,0.748
RNF144B,RNF144A,Others,0.661,0.663
SFMBT2,SFMBT1,Others,0.649,0.649
SH3BGRL2,SH3BGRL,Others,0.25,0.25
SIPA1L2,SIPA1L1,Others,0.654,0.75
SLC18A2,SLC18A1,Others,0.638,0.75
SLC25A13,SLC25A12,Others,0.735,0.737
SLC25A30,SLC25A14,Others,0.609,0.654
SLC35D2,SLC35D1,Others,0.637,0.688
STXBP2,STXBP1,Others,0.667,0.682
TBC1D8B,TBC1D8,Others,0.557,0.559
TBX18,TBX15,Others,0.636,0.75
TNFAIP8L2,TNFAIP8L1,Others,0.642,0.646
TSPAN9,TSPAN4,Others,0.544,0.551
TTC21B,TTC21A,Others,0.596,0.661
TUSC3,MAGT1,Others,0.698,0.729
WIPI2,WIPI1,Others,0.684,0.717
YBX3,YBX1,Others,0.601,0.661
ZNF396,ZNF24,Others,0.572,0.583
ZYG11B,ZYG11A,Others,0.333,0.75
ABCB7,ABCB6,Others,0.522,0.579
ABCF3,ABCF1,Others,0.446,0.688
ABHD12B,ABHD12,Others,0.619,0.75
ACSF3,ACSF2,Others,0.609,0.652
ACTR1B,ACTG1,Others,0.476,0.582
ADAM17,ADAM10,Others,0.643,0.657
ADAMTSL3,ADAMTSL1,Others,0.583,0.625
AGAP3,AGAP1,Others,0.312,0.417
AGAP9,AGAP1,Others,0.375,0.75
AGFG2,AGFG1,Others,0.266,0.277
AHRR,AHR,Others,0.643,0.75
AK8,AK2,Others,0.558,0.594
AKT2,AKT1,Others,0.658,0.73
ANKRD12,ANKRD11,Others,0.375,0.75
ANXA7,ANXA11,Others,0.614,0.632
APC2,APC,Others,0.631,0.691
APPL2,APPL1,Others,0.686,0.718
ARHGEF12,ARHGEF11,Others,0.697,0.699
ASAH2B,ASAH2,Others,0.494,0.75
ASIC3,ASIC1,Others,0.64,0.696
ASXL3,ASXL1,Others,0.632,0.717
ATAD3B,ATAD3A,Others,0.511,0.518
ATG2B,ATG2A,Others,0.662,0.675
ATP7B,ATP7A,Others,0.676,0.68
ATXN2L,ATXN2,Others,0.669,0.714
AXIN2,AXIN1,Others,0.627,0.652
B3GALT6,B3GALNT2,Others,0.499,0.533
BACH2,BACH1,Others,0.636,0.677
BANF2,BANF1,Others,0.462,0.75
BAZ2B,BAZ2A,Others,0.281,0.375
BCR,ABR,Others,0.639,0.732
BET1L,BET1,Others,0.616,0.644
BRD9,BRD7,Others,0.604,0.663
BRMS1L,BRMS1,Others,0.541,0.75
BTG4,BTG3,Others,0.563,0.571
BTN3A3,BTN3A1,Others,0.663,0.664
CAMTA2,CAMTA1,Others,0.57,0.572
CAPRIN2,CAPRIN1,Others,0.487,0.542
CASKIN2,CASKIN1,Others,0.393,0.438
CBX5,CBX3,Others,0.644,0.649
CC2D1B,CC2D1A,Others,0.589,0.679
CCDC85C,CCDC85A,Others,0.35,0.5
CCNG2,CCNG1,Others,0.679,0.75
CDC14B,CDC14A,Others,0.707,0.709
CDC37L1,CDC37,Others,0.635,0.69
CDK5,CDK3,Others,0.582,0.667
CDK5R2,CDK5R1,Others,0.385,0.75
CDK8,CDK19,Others,0.54,0.708
CHKB,CHKA,Others,0.709,0.75
CHMP2B,CHMP2A,Others,0.689,0.694
CISD2,CISD1,Others,0.528,0.6
CLPTM1L,CLPTM1,Others,0.694,0.75
CLSTN3,CLSTN1,Others,0.645,0.75
CNGB3,CNGB1,Others,0.532,0.75
CNKSR2,CNKSR1,Others,0.56,0.591
COQ8B,COQ8A,Others,0.67,0.71
CORO1C,CORO1B,Others,0.585,0.605
COX4I2,COX4I1,Others,0.49,0.625
COX6B2,COX6B1,Others,0.4,0.438
CPEB4,CPEB2,Others,0.709,0.714
CPNE2,CPNE1,Others,0.41,0.75
CPS1,CAD,Others,0.511,0.537
CPSF7,CPSF6,Others,0.662,0.673
CREG2,CREG1,Others,0.275,0.75
CSNK1G2,CSNK1G1,Others,0.679,0.75
CTBP2,CTBP1,Others,0.628,0.68
CTCFL,CTCF,Others,0.646,0.659
CTDSP2,CTDSP1,Others,0.666,0.718
CUL9,CUL7,Others,0.66,0.75
CYB5B,CYB5A,Others,0.672,0.681
CYB5R3,CYB5R1,Others,0.54,0.615
CYTH2,CYTH1,Others,0.69,0.691
CYTH3,CYTH2,Others,0.634,0.654
DAB2,DAB1,Others,0.468,0.67
DACH2,DACH1,Others,0.565,0.75
DCUN1D2,DCUN1D1,Others,0.679,0.75
DCUN1D5,DCUN1D4,Others,0.722,0.75
DDX47,DDX28,Others,0.548,0.578
DGUOK,DCK,Others,0.593,0.6
DISP2,DISP1,Others,0.1,0.125
DMRTB1,DMRTA2,Others,0.682,0.688
DNMT3B,DNMT3A,Others,0.675,0.717
DPF2,DPF1,Others,0.61,0.719
DUOXA2,DUOXA1,Others,0.49,0.75
E2F8,E2F7,Others,0.71,0.713
EFTUD2,EEF2,Others,0.596,0.597
EHBP1L1,EHBP1,Others,0.484,0.5
EHD4,EHD1,Others,0.678,0.716
EHMT2,EHMT1,Others,0.661,0.694
EN2,EN1,Others,0.702,0.717
ENO2,ENO1,Others,0.614,0.75
EPN2,EPN1,Others,0.675,0.723
EPS15L1,EPS15,Others,0.628,0.75
ESPNL,ESPN,Others,0.567,0.625
ETV7,ETV6,Others,0.671,0.699
EVX2,EVX1,Others,0.654,0.667
EXOSC6,EXOSC4,Others,0.649,0.719
FAM135B,FAM135A,Others,0.75,0.75
FAM151B,FAM151A,Others,0.125,0.25
FAT4,FAT1,Others,0.488,0.75
FGF2,FGF1,Others,0.695,0.711
FITM2,FITM1,Others,0.591,0.679
FMN2,FMN1,Others,0.333,0.688
FOXK2,FOXK1,Others,0.661,0.678
FOXN4,FOXN1,Others,0.584,0.623
FRMD6,FRMD1,Others,0.577,0.59
FSTL3,FST,Others,0.675,0.686
FUT11,FUT10,Others,0.368,0.583
FXR2,FXR1,Others,0.71,0.734
GABARAPL2,GABARAP,Others,0.692,0.694
GANC,GANAB,Others,0.39,0.688
GAS2L2,GAS2L1,Others,0.715,0.716
GDF10,BMP3,Others,0.657,0.7
GDF9,BMP15,Others,0.654,0.69
GGA2,GGA1,Others,0.638,0.7
GGA3,GGA1,Others,0.639,0.643
GIGYF2,GIGYF1,Others,0.484,0.602
GLCCI1,FAM117B,Others,0,0
GMPPB,GMPPA,Others,0.4,0.5
GNAS,GNAL,Others,0.587,0.649
GNG5,GNG10,Others,0.646,0.716
GNL3L,GNL3,Others,0.629,0.636
GOT2,GOT1,Others,0.622,0.623
GPT2,GPT,Others,0.432,0.5
GRK6,GRK4,Others,0.427,0.609
GRPEL2,GRPEL1,Others,0.65,0.75
GTF2H2C,GTF2H2,Others,0.534,0.75
H6PD,G6PD,Others,0.516,0.646
HADHB,ACAA1,Others,0.529,0.555
HCFC2,HCFC1,Others,0.603,0.674
HDAC5,HDAC4,Others,0.705,0.728
HDAC6,HDAC10,Others,0.586,0.664
HERC4,HERC3,Others,0.5,0.75
HHATL,HHAT,Others,0.585,0.627
HIC2,HIC1,Others,0.624,0.719
HINT2,HINT1,Others,0.42,0.625
HLX,DBX1,Others,0.55,0.658
HMOX2,HMOX1,Others,0.581,0.672
HNRNPH3,HNRNPF,Others,0.658,0.688
HUS1B,HUS1,Others,0.588,0.75
ILVBL,HACL1,Others,0.502,0.519
INF2,DIAPH1,Others,0.373,0.557
ING5,ING4,Others,0.694,0.699
INVS,ANKRD55,Others,0.3,0.75
IP6K2,IP6K1,Others,0.671,0.717
IRF2BPL,IRF2BP1,Others,0.679,0.707
ITGB1BP2,CHORDC1,Others,0.535,0.558
JOSD2,JOSD1,Others,0.673,0.679
KANSL1L,KANSL1,Others,0.346,0.75
KANSL2,INO80D,Others,0.437,0.616
KCNU1,KCNMA1,Others,0.276,0.612
KCTD2,KCTD17,Others,0.584,0.7
KIDINS220,ANKS6,Others,0.312,0.375
KIF15,KIF13B,Others,0.599,0.618
KIF3B,KIF3A,Others,0.697,0.706
KIF9,KIF6,Others,0.612,0.75
KIFC3,KIFC2,Others,0.288,0.295
KLC4,KLC1,Others,0.219,0.75
KLHDC3,KLHDC10,Others,0.554,0.692
KLHL20,KLHL17,Others,0.403,0.565
KSR2,KSR1,Others,0.54,0.712
KYAT3,KYAT1,Others,0.375,0.625
LARP4B,LARP4,Others,0.661,0.684
LCMT2,LCMT1,Others,0.486,0.573
LEMD3,LEMD2,Others,0.665,0.737
LETM2,LETM1,Others,0.249,0.75
LMAN1L,LMAN1,Others,0.561,0.75
LONP2,LONP1,Others,0.526,0.529
LPIN2,LPIN1,Others,0.694,0.732
LSG1,GNL1,Others,0.555,0.593
LTK,ALK,Others,0.666,0.681
MAFK,MAFG,Others,0.67,0.698
MAP1B,MAP1A,Others,0.71,0.75
MAP3K11,MAP3K10,Others,0.644,0.671
MAP3K9,MAP3K10,Others,0.551,0.644
MAPK12,MAPK11,Others,0.663,0.682
MAPK8IP2,MAPK8IP1,Others,0.663,0.669
MAPT,MAP2,Others,0.464,0.647
MARK4,MARK3,Others,0.648,0.677
MBD3,MBD2,Others,0.641,0.696
MCL1,BCL2L1,Others,0.674,0.685
MCM8,MCM4,Others,0.625,0.657
MCM9,MCM2,Others,0.594,0.629
MCTP2,MCTP1,Others,0.683,0.75
ME3,ME2,Others,0.689,0.72
MEOX2,MEOX1,Others,0.649,0.712
MEX3C,MEX3B,Others,0.5,0.562
MEX3D,MEX3B,Others,0.583,0.6
MFAP3L,MFAP3,Others,0.589,0.65
MIB2,MIB1,Others,0.641,0.688
MICU3,MICU1,Others,0.532,0.75
MLF2,MLF1,Others,0.648,0.7
MLLT6,MLLT10,Others,0.688,0.713
MON1B,MON1A,Others,0.552,0.603
MOV10L1,MOV10,Others,0.509,0.593
MYL12B,MYL12A,Others,0.653,0.655
NAB2,NAB1,Others,0.6,0.75
NACC2,NACC1,Others,0.638,0.665
NCAM2,NCAM1,Others,0.548,0.607
NCOR2,NCOR1,Others,0.695,0.71
NDFIP2,NDFIP1,Others,0.723,0.735
NEBL,NEB,Others,0.6,0.643
NEURL1B,NEURL1,Others,0.523,0.536
NF2,EZR,Others,0.555,0.626
NFKB2,NFKB1,Others,0.593,0.721
NFXL1,NFX1,Others,0.495,0.708
NME2,NME1,Others,0.623,0.642
NME8,NME7,Others,0.423,0.444
NODAL,BMP3,Others,0.518,0.608
NOTCH2,NOTCH1,Others,0.683,0.693
NPC1L1,NPC1,Others,0.531,0.588
NPEPL1,LAP3,Others,0.406,0.75
NPNT,EGFL6,Others,0.25,0.25
NPTN,BSG,Others,0.555,0.719
NR1D2,NR1D1,Others,0.648,0.721
NRAP,NEB,Others,0.551,0.676
NUBPL,NUBP1,Others,0.591,0.598
NUDCD3,NUDC,Others,0.585,0.658
OBSL1,OBSCN,Others,0.523,0.554
ORMDL3,ORMDL1,Others,0.63,0.722
ORMDL3,ORMDL2,Others,0.635,0.75
OS9,ERLEC1,Others,0.636,0.684
OSBPL7,OSBPL3,Others,0.695,0.721
OXR1,NCOA7,Others,0.479,0.583
P3H4,CRTAP,Others,0.61,0.634
PABPC4,PABPC1L,Others,0.558,0.722
PACSIN3,PACSIN2,Others,0.661,0.72
PANK3,PANK1,Others,0.662,0.714
PANK3,PANK2,Others,0.633,0.657
PAQR4,PAQR3,Others,0.159,0.75
PARP1,BRCA1,Others,0.618,0.623
PARP2,PARP1,Others,0.602,0.75
PATL2,PATL1,Others,0.639,0.708
PBX3,PBX2,Others,0.62,0.68
PBX4,PBX2,Others,0.671,0.71
PCBD2,PCBD1,Others,0.505,0.57
PDCD2L,PDCD2,Others,0.325,0.625
PDE3B,PDE3A,Others,0.638,0.66
PDZD2,IL16,Others,0.333,0.6
PDZK1,PDZD3,Others,0.548,0.579
PHLDB2,PHLDB1,Others,0.619,0.75
PIGK,LGMN,Others,0.506,0.511
PIK3AP1,BANK1,Others,0.476,0.526
PIP5K1C,PIP5K1A,Others,0.61,0.671
PITPNM2,PITPNM1,Others,0.686,0.739
PKN3,PKN1,Others,0.596,0.722
PKN3,PKN2,Others,0.567,0.722
PLA2G12B,PLA2G12A,Others,0.269,0.565
PLD2,PLD1,Others,0.533,0.699
PLEC,DSP,Others,0.568,0.592
PLEKHA7,PLEKHA5,Others,0.536,0.583
PLEKHF2,PLEKHF1,Others,0.422,0.667
PLEKHG6,PLEKHG5,Others,0.115,0.167
PLG,LPA,Others,0.533,0.634
PLPP7,PLPP6,Others,0.396,0.667
PLXDC2,PLXDC1,Others,0.5,0.75
POLE4,NFYC,Others,0.569,0.599
POLR3A,POLR2A,Others,0.527,0.595
POLR3B,POLR2B,Others,0.519,0.52
POMGNT1,MGAT1,Others,0.569,0.573
POMT2,POMT1,Others,0.676,0.688
POU6F2,POU6F1,Others,0.646,0.703
PPARD,PPARA,Others,0.687,0.698
PPIL4,CWC27,Others,0.439,0.486
PPM1F,PPM1E,Others,0.573,0.712
PPP2CB,PPP1CC,Others,0.446,0.709
PPP3CC,PPP3CB,Others,0.664,0.731
PPP4R3B,PPP4R3A,Others,0.667,0.667
PPWD1,PPIL2,Others,0.532,0.558
PRDX3,PRDX1,Others,0.572,0.572
PRKACB,PRKACA,Others,0.646,0.722
PRKAG2,PRKAG1,Others,0.648,0.706
PROX2,PROX1,Others,0.401,0.75
PRR3,PPP1R10,Others,0.25,0.75
PSMD11,COPS2,Others,0.556,0.633
PSMD7,COPS6,Others,0.569,0.66
PTCH2,PTCH1,Others,0.556,0.734
PTDSS2,PTDSS1,Others,0.643,0.75
PTF1A,FERD3L,Others,0.672,0.688
PTPRN2,PTPRN,Others,0.365,0.412
PYGO2,PYGO1,Others,0.708,0.708
RAB11FIP4,RAB11FIP3,Others,0.671,0.721
RAB40C,RAB40B,Others,0.565,0.75
RABGGTB,PGGT1B,Others,0.499,0.531
RAD21L1,RAD21,Others,0.506,0.75
RAD9B,RAD9A,Others,0.704,0.75
RAE1,BUB3,Others,0.55,0.581
RAPH1,APBB1IP,Others,0.708,0.708
RARG,RARA,Others,0.623,0.736
RBL2,RBL1,Others,0.688,0.708
RBM4B,RBM4,Others,0.631,0.722
RBMS2,RBMS1,Others,0.713,0.75
RBMXL3,RBMXL2,Others,0.75,0.75
RERE,ATN1,Others,0.583,0.75
RFX2,RFX1,Others,0.695,0.719
RFX7,RFX5,Others,0.629,0.75
RFXANK,ANKRA2,Others,0.575,0.594
RGS14,RGS12,Others,0.6,0.625
RHOG,RHOC,Others,0.683,0.692
RIOK3,RIOK1,Others,0.658,0.695
RNF145,RNF139,Others,0.284,0.75
RNF19B,RNF19A,Others,0.654,0.694
RNF24,RNF122,Others,0.5,0.65
RNF5,RNF185,Others,0.713,0.726
RPA4,RPA2,Others,0.653,0.742
RPGR,RCC1,Others,0.501,0.554
RPL7L1,RPL7,Others,0.523,0.75
RRP1B,RRP1,Others,0.624,0.75
RTCA,RCL1,Others,0.341,0.438
RUFY4,FYCO1,Others,0.587,0.624
RUSC2,RUSC1,Others,0.585,0.638
SAMD7,SAMD11,Others,0.75,0.75
SBNO2,SBNO1,Others,0.612,0.685
SCAF8,SCAF4,Others,0.541,0.708
SCAMP3,SCAMP2,Others,0.697,0.714
SCRIB,LRRC7,Others,0.549,0.578
SCYL3,SCYL1,Others,0.458,0.5
SDC3,SDC1,Others,0.656,0.729
SEC31B,SEC31A,Others,0.565,0.75
SERINC3,SERINC1,Others,0.361,0.75
SESN2,SESN1,Others,0.706,0.714
SETDB2,SETDB1,Others,0.687,0.708
SF3B3,DDB1,Others,0.525,0.593
SH3KBP1,CD2AP,Others,0.591,0.651
SHCBP1L,SHCBP1,Others,0.548,0.633
SIN3B,SIN3A,Others,0.571,0.75
SIPA1L3,SIPA1L1,Others,0.543,0.544
SIRT7,SIRT6,Others,0.63,0.638
SIX5,SIX4,Others,0.662,0.688
SKIL,SKI,Others,0.659,0.75
SKOR2,SKOR1,Others,0.716,0.724
SLC12A6,SLC12A4,Others,0.613,0.619
SLC25A25,SLC25A23,Others,0.2,0.75
SLC25A25,SLC25A24,Others,0.205,0.75
SLC30A10,SLC30A1,Others,0.613,0.641
SLC31A2,SLC31A1,Others,0.673,0.7
SLC35B2,SLC35B1,Others,0.551,0.64
SLC35B3,SLC35B1,Others,0.59,0.626
SLC36A4,SLC36A1,Others,0.64,0.67
SLC4A1AP,PPP1R8,Others,0.5,0.65
SLC4A3,SLC4A2,Others,0.619,0.644
SMAD2,SMAD1,Others,0.688,0.715
SMARCD2,SMARCD1,Others,0.655,0.68
SMC1B,SMC1A,Others,0.559,0.75
SNAP91,PICALM,Others,0.546,0.746
SNRK,MELK,Others,0.618,0.68
SNRNP200,ASCC3,Others,0.591,0.625
SNRNP70,SNRNP35,Others,0.599,0.668
SNRPF,LSM6,Others,0.629,0.65
SNTB2,SNTA1,Others,0.468,0.562
SNX6,SNX5,Others,0.624,0.64
SOAT2,SOAT1,Others,0.728,0.729
SOGA1,MTCL1,Others,0.489,0.502
SORBS2,SORBS1,Others,0.444,0.458
SPARCL1,SPARC,Others,0.542,0.687
SPECC1L,SPECC1,Others,0.582,0.607
SPG7,AFG3L2,Others,0.7,0.707
SPHK2,SPHK1,Others,0.643,0.662
SPIRE2,SPIRE1,Others,0.676,0.75
SPRYD3,RANBP9,Others,0.408,0.75
SREBF2,SREBF1,Others,0.666,0.683
SRSF11,SREK1,Others,0.474,0.75
SRSF5,SRSF4,Others,0.718,0.722
STAT3,STAT1,Others,0.66,0.662
STAU2,STAU1,Others,0.514,0.688
STIM2,STIM1,Others,0.648,0.731
STK17B,STK17A,Others,0.722,0.75
STK35,PDIK1L,Others,0.731,0.75
STK38L,STK38,Others,0.705,0.75
STRAP,EIF3I,Others,0.516,0.537
STT3B,STT3A,Others,0.706,0.731
SUSD2,MUC4,Others,0.473,0.478
SYNGR3,SYNGR2,Others,0.594,0.625
SYNJ2,SYNJ1,Others,0.639,0.712
SYT13,SYT12,Others,0.688,0.731
TADA2B,TADA2A,Others,0.706,0.714
TAF4B,TAF4,Others,0.664,0.696
TAGAP,ARHGAP20,Others,0.679,0.75
TARDBP,DAZAP1,Others,0.606,0.618
TATDN2,TATDN1,Others,0.2,0.25
TBC1D17,TBC1D15,Others,0.577,0.75
TBC1D4,TBC1D1,Others,0.609,0.636
TCF3,TCF12,Others,0.675,0.692
TECRL,TECR,Others,0.536,0.75
TEP1,RRP9,Others,0.515,0.531
TESK2,TESK1,Others,0.586,0.688
TFB1M,DIMT1,Others,0.619,0.63
TGFBI,POSTN,Others,0.633,0.715
THSD7A,SPON1,Others,0.443,0.516
TINAGL1,TINAG,Others,0.471,0.51
TJP2,TJP1,Others,0.654,0.669
TM2D3,TM2D1,Others,0.105,0.157
TMEM14C,TMEM14A,Others,0.565,0.688
TMEM14C,TMEM14B,Others,0.609,0.75
TMEM170B,TMEM170A,Others,0.561,0.588
TMEM87B,TMEM87A,Others,0.688,0.75
TNK2,TNK1,Others,0.65,0.715
TNPO3,IPO13,Others,0.625,0.75
TOP3B,TOP3A,Others,0.479,0.65
TP53I3,RTN4IP1,Others,0.423,0.5
TP53INP2,TP53INP1,Others,0.636,0.75
TPM4,TPM3,Others,0.695,0.7
TRIM5,TRIM34,Others,0.679,0.726
TRIOBP,MPRIP,Others,0.663,0.67
TRIP12,HECTD1,Others,0.366,0.667
TSPAN17,TSPAN14,Others,0.505,0.724
TSPYL4,TSPYL1,Others,0.577,0.7
TTBK2,TTBK1,Others,0.571,0.596
TTLL4,TTLL11,Others,0.75,0.75
TUBGCP3,TUBGCP2,Others,0.677,0.711
TUFM,EEFSEC,Others,0.385,0.727
TXNL4B,TXNL4A,Others,0.568,0.75
UBA5,MOCS3,Others,0.579,0.593
UBE2R2,CDC34,Others,0.702,0.747
UBE2U,UBE2C,Others,0.478,0.677
UBN2,UBN1,Others,0.444,0.5
UBP1,TFCP2,Others,0.678,0.735
UBR2,UBR1,Others,0.701,0.75
UCKL1,UCK2,Others,0.636,0.65
UHMK1,U2AF2,Others,0.529,0.583
UNKL,UNK,Others,0.327,0.33
UQCRC2,PMPCA,Others,0.616,0.62
USH1G,ANKS4B,Others,0.51,0.546
USH2A,MEGF9,Others,0.508,0.621
USP45,USP16,Others,0.642,0.678
USP54,USP53,Others,0.214,0.75
USP6NL,USP6,Others,0.561,0.589
UST,HS2ST1,Others,0.626,0.696
VAMP2,VAMP1,Others,0.639,0.708
VCP,SPATA5L1,Others,0.24,0.667
VDAC3,VDAC2,Others,0.623,0.664
VPS39,TGFBRAP1,Others,0.634,0.646
WASF2,WASF1,Others,0.667,0.693
WASL,WAS,Others,0.656,0.7
WDR37,WDR12,Others,0.333,0.583
WDTC1,DCAF6,Others,0.571,0.717
WEE2,WEE1,Others,0.585,0.664
WIF1,VWDE,Others,0.694,0.75
WSB2,WSB1,Others,0.564,0.75
XDH,AOX1,Others,0.603,0.637
YAP1,WWTR1,Others,0.672,0.691
YY1AP1,GON4L,Others,0.576,0.7
ZBTB25,ZBTB2,Others,0.688,0.695
ZBTB44,BACH1,Others,0.145,0.75
ZBTB46,ZBTB10,Others,0.55,0.55
ZDHHC17,ZDHHC13,Others,0.587,0.625
ZDHHC8,ZDHHC5,Others,0.523,0.527
ZEB2,ZEB1,Others,0.671,0.696
ZFAND2B,ZFAND2A,Others,0.25,0.75
ZFR2,ZFR,Others,0.583,0.75
ZKSCAN4,ZKSCAN3,Others,0.606,0.708
ZKSCAN8,ZKSCAN1,Others,0.75,0.75
ZNF169,ZNF133,Others,0.696,0.75
ZNF268,ZNF26,Others,0.441,0.6
ZNF280D,POGZ,Others,0.309,0.567
ZNF286B,ZNF286A,Others,0.694,0.75
ZNF354B,ZNF354A,Others,0.572,0.75
ZNF488,PRDM8,Others,0.722,0.75
ZNF513,ZNF142,Others,0.461,0.466
ZNF558,ZNF557,Others,0.617,0.75
ZNF581,ZNF524,Others,0.694,0.75
ZNF581,ZNF580,Others,0.397,0.688
ZNF611,ZNF600,Others,0.639,0.688
ZNF620,ZNF619,Others,0.705,0.75
ZNF627,ZNF136,Others,0.677,0.7
ZNF683,PRDM1,Others,0.479,0.75
ZNF764,ZNF747,Others,0.321,0.75
ZNF77,ZNF555,Others,0.68,0.75
ZNF785,ZNF764,Others,0.75,0.75
ZNRF2,ZNRF1,Others,0.588,0.607
ZSCAN29,ZKSCAN2,Others,0.527,0.625
ZSCAN30,ZSCAN21,Others,0.641,0.75
ZSWIM6,ZSWIM4,Others,0.75,0.75
AADACL2,AADAC,Others,0.3,0.75
AADACL4,AADACL3,Others,0.75,0.75
ABCC3,ABCC1,Others,0.63,0.673
ABCC9,ABCC8,Others,0.696,0.72
ABCD2,ABCD1,Others,0.672,0.746
ABCG4,ABCG1,Others,0.57,0.725
ABI2,ABI1,Others,0.621,0.625
ACSL5,ACSL1,Others,0.699,0.712
ACTG2,ACTA2,Others,0.592,0.708
ACTL6B,ACTL6A,Others,0.612,0.672
ACTL7B,ACTL7A,Others,0.661,0.708
ACTN4,ACTN2,Others,0.586,0.588
ACVRL1,ACVR1,Others,0.665,0.681
ADAMTS18,ADAMTS16,Others,0.627,0.75
ADAMTS6,ADAMTS10,Others,0.505,0.625
ADARB2,ADARB1,Others,0.56,0.7
ADD3,ADD2,Others,0.512,0.719
ADNP2,ADNP,Others,0.635,0.667
AFAP1L2,AFAP1,Others,0.455,0.607
AFF4,AFF3,Others,0.508,0.534
AGBL3,AGBL2,Others,0.45,0.5
AGO2,AGO1,Others,0.697,0.739
AGO3,AGO2,Others,0.677,0.733
AGO4,AGO1,Others,0.698,0.739
AGR3,AGR2,Others,0.576,0.663
AIF1L,AIF1,Others,0.589,0.682
AIPL1,AIP,Others,0.638,0.669
AK5,AK1,Others,0.7,0.71
AKR7A3,AKR7A2,Others,0.664,0.719
ALDH1A3,ALDH1A2,Others,0.642,0.645
ALDH1L2,ALDH1L1,Others,0.617,0.643
ALG1L2,ALG1L,Others,0.75,0.75
ALG8,ALG6,Others,0.6,0.6
ALOX15,ALOX12,Others,0.686,0.69
AMELY,AMELX,Others,0.268,0.625
AMPD3,AMPD1,Others,0.684,0.719
ANGEL2,ANGEL1,Others,0.453,0.531
ANGPT2,ANGPT1,Others,0.637,0.712
ANGPTL2,ANGPTL1,Others,0.66,0.682
ANKRD13B,ANKRD13A,Others,0.713,0.728
ANO2,ANO1,Others,0.631,0.75
ANO4,ANO3,Others,0.666,0.75
ANO6,ANO3,Others,0.452,0.75
ANTXR2,ANTXR1,Others,0.574,0.75
AOC3,AOC2,Others,0.52,0.722
AP1M2,AP1M1,Others,0.666,0.718
APBB3,APBB2,Others,0.612,0.75
APP,APLP2,Others,0.444,0.682
AQP12B,AQP12A,Others,0.75,0.75
ARFGAP3,ARFGAP2,Others,0.661,0.719
ARHGAP25,ARHGAP24,Others,0.572,0.612
ARHGAP26,ARHGAP10,Others,0.639,0.687
ARHGDIB,ARHGDIA,Others,0.661,0.712
ARNT2,ARNT,Others,0.661,0.727
ARRB1,ARR3,Others,0.497,0.671
ASAP3,ASAP2,Others,0.265,0.75
ASB15,ASB14,Others,0.6,0.75
ASIC2,ASIC1,Others,0.629,0.69
ATF6B,ATF6,Others,0.669,0.725
ATP11B,ATP11A,Others,0.68,0.717
ATP11C,ATP11B,Others,0.692,0.7
ATP13A5,ATP13A4,Others,0.75,0.75
ATP2C2,ATP2C1,Others,0.592,0.712
ATP6V0D2,ATP6V0D1,Others,0.711,0.736
ATP8A2,ATP8A1,Others,0.608,0.658
ATP8B2,ATP8B1,Others,0.64,0.75
ATP8B4,ATP8B1,Others,0.599,0.687
ATP9B,ATP9A,Others,0.702,0.75
ATRNL1,ATRN,Others,0.625,0.75
ATXN3L,ATXN3,Others,0.554,0.75
B3GAT3,B3GAT1,Others,0.598,0.719
B4GALNT2,B4GALNT1,Others,0.571,0.607
B4GALT6,B4GALT5,Others,0.697,0.723
BARHL2,BARHL1,Others,0.717,0.75
BCL6B,BCL6,Others,0.627,0.75
BCL7B,BCL7A,Others,0.625,0.667
BECN2,BECN1,Others,0.597,0.727
BEST4,BEST2,Others,0.65,0.75
BEX2,BEX1,Others,0.67,0.693
BHLHE41,BHLHE40,Others,0.721,0.75
BHMT2,BHMT,Others,0.678,0.683
BIRC3,BIRC2,Others,0.718,0.743
BMP4,BMP2,Others,0.675,0.687
BNIPL,BNIP2,Others,0.613,0.671
BOD1L2,BOD1,Others,0.607,0.719
BRSK2,BRSK1,Others,0.674,0.695
BRWD3,BRWD1,Others,0.575,0.75
BTBD6,BTBD3,Others,0.5,0.568
BTF3L4,BTF3,Others,0.219,0.75
BTG2,BTG1,Others,0.641,0.669
BTNL8,BTNL3,Others,0.61,0.667
C1GALT1C1L,C1GALT1C1,Others,0.467,0.75
C1QTNF9B,C1QTNF9,Others,0.667,0.75
C2CD4B,C2CD4A,Others,0.679,0.75
CA11,CA10,Others,0.571,0.667
CA13,CA1,Others,0.664,0.75
CABP5,CABP2,Others,0.5,0.625
CACNA2D2,CACNA2D1,Others,0.485,0.71
CACNA2D4,CACNA2D3,Others,0.628,0.75
CACNG7,CACNG5,Others,0.657,0.674
CALB2,CALB1,Others,0.63,0.75
CALCRL,CALCR,Others,0.567,0.616
CALN1,CABP7,Others,0.75,0.75
CAMK2N2,CAMK2N1,Others,0.487,0.55
CAPN3,CAPN1,Others,0.582,0.593
CAPNS2,CAPNS1,Others,0.67,0.75
CASP5,CASP4,Others,0.555,0.581
CASQ2,CASQ1,Others,0.65,0.659
CAV3,CAV1,Others,0.605,0.638
CBR3,CBR1,Others,0.574,0.581
CCDC85C,CCDC85B,Others,0.386,0.625
CCNJL,CCNJ,Others,0.717,0.75
CD200R1L,CD200R1,Others,0.4,0.75
CDC42EP3,CDC42EP2,Others,0.688,0.707
CDH4,CDH2,Others,0.572,0.75
CDK15,CDK14,Others,0.684,0.722
CDK2AP2,CDK2AP1,Others,0.281,0.506
CDKL4,CDKL1,Others,0.583,0.75
CDKN2B,CDKN2A,Others,0.679,0.694
CDYL2,CDYL,Others,0.482,0.75
CEACAM4,CEACAM3,Others,0.431,0.439
CELF2,CELF1,Others,0.655,0.706
CELSR2,CELSR1,Others,0.295,0.75
CERS4,CERS2,Others,0.725,0.75
CETN2,CETN1,Others,0.619,0.727
CHAC2,CHAC1,Others,0.549,0.567
CHD7,CHD6,Others,0.504,0.566
CHD8,CHD6,Others,0.578,0.673
CHD8,CHD7,Others,0.605,0.633
CHD9,CHD8,Others,0.379,0.638
CHI3L2,CHI3L1,Others,0.492,0.75
CHP2,CHP1,Others,0.54,0.636
CHPF2,CHPF,Others,0.643,0.667
CHRM4,CHRM2,Others,0.661,0.729
CHRNA7,CHRFAM7A,Others,0.535,0.75
CHRNA9,CHRNA10,Others,0.672,0.706
CHRNB3,CHRNA5,Others,0.679,0.732
CHRNB4,CHRNB2,Others,0.703,0.713
CHST3,CHST2,Others,0.685,0.69
CHST7,CHST2,Others,0.668,0.672
CIB3,CIB1,Others,0.214,0.667
CIB3,CIB2,Others,0.5,0.75
CKM,CKB,Others,0.667,0.75
CLCA4,CLCA1,Others,0.75,0.75
CLCNKB,CLCNKA,Others,0.712,0.75
CLDN4,CLDN15,Others,0.456,0.75
CLDN7,CLDN10,Others,0.713,0.75
CLDN8,CLDN17,Others,0.714,0.714
CLEC4M,CD209,Others,0.649,0.708
CLEC6A,CLEC4C,Others,0.502,0.539
CLGN,CANX,Others,0.6,0.714
CLIP4,CLIP3,Others,0.516,0.714
CLVS2,CLVS1,Others,0.75,0.75
CNN3,CNN1,Others,0.459,0.504
CNNM2,CNNM1,Others,0.591,0.65
COL4A6,COL4A2,Others,0.712,0.75
CORO2B,CORO2A,Others,0.588,0.593
CORO6,CORO1C,Others,0.373,0.75
COX6A2,COX6A1,Others,0.661,0.75
COX7B2,COX7B,Others,0.292,0.75
CPEB4,CPEB3,Others,0.702,0.75
CPLX2,CPLX1,Others,0.718,0.742
CPLX4,CPLX3,Others,0.705,0.75
CRABP2,CRABP1,Others,0.556,0.722
CRISP3,CRISP2,Others,0.325,0.75
CRP,APCS,Others,0.602,0.647
CRYBB3,CRYBB2,Others,0.722,0.75
CSDC2,CARHSP1,Others,0.678,0.75
CSGALNACT2,CSGALNACT1,Others,0.661,0.67
CSNK1A1L,CSNK1A1,Others,0.525,0.75
CSRNP2,CSRNP1,Others,0.654,0.688
CSRNP3,CSRNP1,Others,0.652,0.683
CSTB,CSTA,Others,0.604,0.633
CTDSPL,CTDSP2,Others,0.508,0.51
CXCL6,CXCL5,Others,0.733,0.739
CXCR2,CXCR1,Others,0.695,0.738
CYP11B2,CYP11B1,Others,0.724,0.732
CYP26C1,CYP26B1,Others,0.667,0.75
CYTH4,CYTH3,Others,0.639,0.688
DAAM2,DAAM1,Others,0.341,0.561
DDR2,DDR1,Others,0.702,0.713
DDTL,DDT,Others,0.175,0.75
DDX3Y,DDX3X,Others,0.476,0.722
DDX50,DDX21,Others,0.546,0.714
DDX53,DDX43,Others,0.361,0.583
DEFB131B,DEFB131A,Others,0.5,0.75
DENND1C,DENND1B,Others,0.633,0.659
DENND4B,DENND4A,Others,0.667,0.679
DERL3,DERL2,Others,0.7,0.74
DHFR2,DHFR,Others,0.649,0.701
DIP2B,DIP2A,Others,0.417,0.458
DIP2C,DIP2B,Others,0.5,0.667
DIRAS2,DIRAS1,Others,0.75,0.75
DLG2,DLG1,Others,0.599,0.727
DLG3,DLG1,Others,0.585,0.708
DLG4,DLG2,Others,0.679,0.7
DLG4,DLG3,Others,0.644,0.662
DLX6,DLX1,Others,0.59,0.641
DNAH7,DNAH3,Others,0.582,0.75
DNAJB4,DNAJB1,Others,0.639,0.719
DNAJC18,DNAJB12,Others,0.566,0.75
DNAJC5B,DNAJC5,Others,0.094,0.75
DNASE2B,DNASE2,Others,0.52,0.75
DNM3,DNM1,Others,0.688,0.75
DOCK4,DOCK3,Others,0.503,0.566
DOCK9,DOCK11,Others,0.589,0.75
DOK3,DOK1,Others,0.509,0.556
DPY19L2,DPY19L1,Others,0.627,0.688
DQX1,DHX32,Others,0.679,0.75
DRD5,DRD1,Others,0.688,0.732
DSCAML1,DSCAM,Others,0.638,0.654
DTNB,DTNA,Others,0.528,0.75
DTX2,DTX1,Others,0.571,0.714
DTX4,DTX1,Others,0.572,0.685
DTX4,DTX2,Others,0.556,0.571
DUSP2,DUSP1,Others,0.67,0.714
DUSP21,DUSP18,Others,0.689,0.75
E2F2,E2F1,Others,0.614,0.694
E2F5,E2F4,Others,0.671,0.7
EDDM3B,EDDM3A,Others,0.35,0.5
EFHC2,EFHC1,Others,0.648,0.682
EFHD2,EFHD1,Others,0.344,0.5
EFNB2,EFNB1,Others,0.688,0.729
EGLN2,EGLN1,Others,0.689,0.704
EGR2,EGR1,Others,0.643,0.685
EGR3,EGR1,Others,0.6,0.642
EIF4E1B,EIF4E,Others,0.352,0.75
ELAVL2,ELAVL1,Others,0.487,0.729
ELF4,ELF2,Others,0.694,0.699
ELMO2,ELMO1,Others,0.604,0.689
ELMO3,ELMO2,Others,0.459,0.75
ELMOD2,ELMOD1,Others,0.542,0.75
ELOVL5,ELOVL2,Others,0.714,0.75
ELOVL7,ELOVL1,Others,0.713,0.733
EML2,EML1,Others,0.667,0.686
EML4,EML1,Others,0.57,0.613
EML6,EML5,Others,0.35,0.75
EMX2,EMX1,Others,0.73,0.75
ENO3,ENO2,Others,0.73,0.75
ENTPD4,ENTPD1,Others,0.531,0.578
EPB41L5,EPB41L4B,Others,0.583,0.643
EPS8L2,EPS8,Others,0.634,0.75
ESRRG,ESRRA,Others,0.667,0.75
ESRRG,ESRRB,Others,0.696,0.7
ETS2,ETS1,Others,0.613,0.656
ETV5,ETV1,Others,0.672,0.72
EXOC3L2,EXOC3L1,Others,0.718,0.75
EYA3,EYA1,Others,0.724,0.73
EYA4,EYA3,Others,0.644,0.75
FAM118B,FAM118A,Others,0.75,0.75
FAM120C,FAM120A,Others,0.625,0.75
FAM133B,FAM133A,Others,0.25,0.25
FAM13C,FAM13A,Others,0,0
FAM209B,FAM209A,Others,0.333,0.75
FAM3D,FAM3A,Others,0.472,0.63
FAM9C,FAM9B,Others,0.694,0.75
FAP,DPP4,Others,0.632,0.673
FARP2,FARP1,Others,0.478,0.508
FAT2,FAT1,Others,0.493,0.579
FAT3,FAT1,Others,0.197,0.75
FBLN2,FBLN1,Others,0.485,0.588
FBP2,FBP1,Others,0.636,0.733
FBXO27,FBXO17,Others,0.75,0.75
FBXW10,CDRT1,Others,0.233,0.282
FBXW11,BTRC,Others,0.661,0.681
FCGR1B,FCGR1A,Others,0.693,0.75
FCGR3B,FCGR3A,Others,0.684,0.686
FCN2,FCN1,Others,0.637,0.672
FEM1C,FEM1A,Others,0.684,0.714
FES,FER,Others,0.676,0.681
FGF14,FGF13,Others,0.654,0.75
FGF4,FGF2,Others,0.642,0.736
FHL2,FHL1,Others,0.527,0.551
FLNC,FLNB,Others,0.634,0.64
FLVCR2,FLVCR1,Others,0.541,0.75
FOSL1,FOS,Others,0.623,0.709
FOXP2,FOXP1,Others,0.605,0.648
FOXR2,FOXR1,Others,0.688,0.75
FRAT2,FRAT1,Others,0.528,0.55
FRMD5,FRMD3,Others,0.507,0.75
FSD1L,FSD1,Others,0.273,0.273
FSTL5,FSTL4,Others,0.6,0.75
FUCA2,FUCA1,Others,0.678,0.717
FUT2,FUT1,Others,0.606,0.65
FXR1,FMR1,Others,0.676,0.734
FZD6,FZD3,Others,0.701,0.703
GABBR2,GABBR1,Others,0.713,0.746
GABRG3,GABRG2,Others,0.725,0.75
GAD2,GAD1,Others,0.663,0.75
GALNT6,GALNT3,Others,0.628,0.676
GALNTL6,GALNT10,Others,0.649,0.74
GALR3,GALR2,Others,0.716,0.739
GAPDHS,GAPDH,Others,0.509,0.741
GAS2L3,GAS2,Others,0.599,0.688
GGA3,GGA2,Others,0.651,0.725
GLB1L3,GLB1L2,Others,0.65,0.75
GLS2,GLS,Others,0.712,0.718
GLUD2,GLUD1,Others,0.636,0.743
GMFG,GMFB,Others,0.635,0.717
GMPR2,GMPR,Others,0.48,0.67
GNAI3,GNAI1,Others,0.695,0.709
GNAI3,GNAI2,Others,0.7,0.705
GOLGA7B,GOLGA7,Others,0.516,0.708
GOLGB1,EEA1,Others,0.542,0.558
GOLGB1,GOLGA4,Others,0.576,0.585
GPAT4,GPAT3,Others,0.653,0.672
GPBP1L1,GPBP1,Others,0.583,0.75
GPC6,GPC4,Others,0.722,0.75
GPR85,GPR27,Others,0.644,0.746
GPRC5C,GPRC5B,Others,0.663,0.667
GPX2,GPX1,Others,0.46,0.708
GRAMD1C,GRAMD1A,Others,0.214,0.75
GREB1L,GREB1,Others,0.421,0.55
GREM2,GREM1,Others,0.447,0.631
GRHL2,GRHL1,Others,0.661,0.674
GRID2,GRID1,Others,0.611,0.694
GRIK5,GRIK4,Others,0.678,0.687
GRIN2B,GRIN2A,Others,0.722,0.725
GRM3,GRM2,Others,0.722,0.74
GRM5,GRM1,Others,0.668,0.722
GSPT2,GSPT1,Others,0.697,0.75
GSTO2,GSTO1,Others,0.655,0.725
HACD2,HACD1,Others,0.659,0.75
HAND2,HAND1,Others,0.617,0.62
HCN3,HCN2,Others,0.666,0.75
HCRTR2,HCRTR1,Others,0.74,0.75
HDAC9,HDAC5,Others,0.684,0.703
HDGFL1,HDGF,Others,0.472,0.75
HECW2,HECW1,Others,0.658,0.684
HELZ2,HELZ,Others,0.572,0.656
HEPH,CP,Others,0.561,0.604
HEPHL1,HEPH,Others,0.684,0.75
HERPUD2,HERPUD1,Others,0.373,0.75
HIF3A,EPAS1,Others,0.619,0.719
HIF3A,HIF1A,Others,0.524,0.719
HIGD1C,HIGD1A,Others,0.441,0.5
HKDC1,HK1,Others,0.625,0.75
HMGN4,HMGN2,Others,0.558,0.75
HNF4G,HNF4A,Others,0.613,0.694
HOOK3,HOOK1,Others,0.718,0.75
HOXB5,HOXA5,Others,0.654,0.661
HOXB6,HOXA6,Others,0.675,0.7
HOXC9,HOXB9,Others,0.731,0.732
HPR,HP,Others,0.667,0.727
HSD17B13,HSD17B11,Others,0.661,0.671
HSD3B2,HSD3B1,Others,0.682,0.72
HSF4,HSF1,Others,0.545,0.729
HSPA12B,HSPA12A,Others,0.35,0.75
HSPA4L,HSPA4,Others,0.523,0.75
HTN3,HTN1,Others,0.75,0.75
HTR1D,HTR1B,Others,0.712,0.733
HTR1F,HTR1E,Others,0.727,0.75
HTRA3,HTRA2,Others,0.386,0.7
HTRA4,HTRA2,Others,0.368,0.688
HYAL4,HYAL1,Others,0.376,0.74
IFIT3,IFIT2,Others,0.668,0.679
IGF2BP2,IGF2BP1,Others,0.704,0.731
IGF2BP3,IGF2BP2,Others,0.739,0.74
IGFL3,IGFL2,Others,0.75,0.75
IKZF3,IKZF1,Others,0.642,0.645
IL1RAPL2,IL1RAPL1,Others,0.627,0.689
IL36G,IL36A,Others,0.741,0.75
IL6ST,CSF3R,Others,0.503,0.673
INSIG2,INSIG1,Others,0.712,0.75
INSR,IGF1R,Others,0.669,0.677
INTS6L,INTS6,Others,0.406,0.75
IQGAP3,IQGAP2,Others,0.543,0.694
IRF9,IRF8,Others,0.721,0.727
ISL2,ISL1,Others,0.676,0.695
ITGA5,ITGA2B,Others,0.558,0.635
ITGB5,ITGB3,Others,0.607,0.696
ITGB6,ITGB1,Others,0.573,0.684
ITIH3,ITIH1,Others,0.528,0.562
ITK,BTK,Others,0.674,0.719
ITLN2,ITLN1,Others,0.339,0.75
ITM2C,ITM2B,Others,0.644,0.69
ITPR2,ITPR1,Others,0.688,0.698
ITPR3,ITPR1,Others,0.703,0.721
ITPR3,ITPR2,Others,0.693,0.721
JAK3,JAK2,Others,0.646,0.687
JAM2,F11R,Others,0.565,0.662
KCNAB2,KCNAB1,Others,0.662,0.671
KCNAB3,KCNAB2,Others,0.622,0.731
KCNB2,KCNB1,Others,0.573,0.67
KCNC4,KCNC1,Others,0.703,0.713
KCNH5,KCNH1,Others,0.591,0.688
KCNIP3,KCNIP2,Others,0.583,0.648
KCNJ15,KCNJ10,Others,0.735,0.75
KCNJ8,KCNJ11,Others,0.633,0.691
KCNK13,KCNK12,Others,0.694,0.75
KCNK9,KCNK3,Others,0.649,0.743
KCNS3,KCNS2,Others,0.609,0.663
KCTD15,KCTD1,Others,0.224,0.75
KCTD20,BTBD10,Others,0.5,0.75
KDM5D,KDM5C,Others,0.701,0.714
KHDRBS3,KHDRBS2,Others,0.6,0.714
KHSRP,FUBP1,Others,0.621,0.719
KHSRP,FUBP3,Others,0.591,0.699
KIAA0319L,KIAA0319,Others,0.402,0.667
KIF1B,KIF1A,Others,0.712,0.714
KIF21B,KIF21A,Others,0.65,0.75
KIF2B,KIF2A,Others,0.646,0.695
KIF3C,KIF3B,Others,0.647,0.733
KIF4B,KIF4A,Others,0.651,0.75
KIF5B,KIF5A,Others,0.597,0.627
KLHDC8B,KLHDC8A,Others,0,0
KLHL25,ENC1,Others,0.656,0.697
KLHL36,KLHL26,Others,0.4,0.75
KLHL5,KLHL4,Others,0.477,0.5
KLHL9,KLHL13,Others,0.724,0.75
KPNA6,KPNA5,Others,0.588,0.595
KPNA7,KPNA2,Others,0.57,0.75
KREMEN2,KREMEN1,Others,0.435,0.519
LAMB2,LAMB1,Others,0.676,0.725
LAMP2,LAMP1,Others,0.663,0.681
LARGE2,LARGE1,Others,0.695,0.705
LCE3E,LCE3D,Others,0.375,0.75
LCP2,BLNK,Others,0.62,0.642
LDHB,LDHA,Others,0.671,0.694
LDHD,D2HGDH,Others,0.458,0.488
LEFTY2,LEFTY1,Others,0.674,0.75
LGALS8,LGALS12,Others,0.573,0.632
LGI2,LGI1,Others,0.219,0.75
LGR6,LGR5,Others,0.582,0.594
LHFPL6,LHFPL1,Others,0.5,0.75
LHX4,LHX3,Others,0.68,0.692
LHX5,LHX1,Others,0.712,0.75
LHX8,LHX6,Others,0.75,0.75
LHX9,LHX2,Others,0.721,0.75
LINGO2,LINGO1,Others,0.438,0.75
LLGL2,LLGL1,Others,0.674,0.679
LMO3,LMO1,Others,0.431,0.469
LMX1B,LMX1A,Others,0.733,0.74
LPCAT2,LPCAT1,Others,0.645,0.667
LPL,LIPG,Others,0.62,0.68
LRCH2,LRCH1,Others,0.167,0.75
LRCH3,LRCH2,Others,0.25,0.75
LRCH4,LRCH1,Others,0.464,0.505
LRP1B,LRP1,Others,0.48,0.617
LRP6,LRP5,Others,0.637,0.668
LRRFIP2,LRRFIP1,Others,0.314,0.445
LRRTM4,LRRTM3,Others,0.389,0.75
LYN,HCK,Others,0.642,0.656
LYPLA2,LYPLA1,Others,0.667,0.693
MAB21L2,MAB21L1,Others,0.529,0.705
MAGI3,MAGI2,Others,0.6,0.7
MAML3,MAML1,Others,0.662,0.731
MANEAL,MANEA,Others,0.571,0.75
MAOB,MAOA,Others,0.605,0.609
MAP2K6,MAP2K3,Others,0.657,0.712
MAP3K13,MAP3K12,Others,0.606,0.626
MAP3K5,MAP3K15,Others,0.388,0.75
MAPRE3,MAPRE1,Others,0.66,0.732
MARK3,MARK2,Others,0.664,0.705
MARK4,MARK2,Others,0.619,0.619
MAST2,MAST1,Others,0.644,0.669
MAST4,MAST3,Others,0.694,0.75
MATK,CSK,Others,0.612,0.706
MBOAT2,MBOAT1,Others,0.721,0.75
MCAM,BCAM,Others,0.415,0.517
MCOLN2,MCOLN1,Others,0.474,0.75
MDGA2,MDGA1,Others,0.317,0.75
ME3,ME1,Others,0.629,0.68
MEF2C,MEF2A,Others,0.675,0.686
MEGF11,MEGF10,Others,0.103,0.5
METAP1D,METAP1,Others,0.59,0.65
METRNL,METRN,Others,0.573,0.657
METTL7B,METTL7A,Others,0.25,0.75
MFGE8,EDIL3,Others,0.578,0.7
MFSD2B,MFSD2A,Others,0.487,0.672
MGAT4B,MGAT4A,Others,0.675,0.688
MICB,MICA,Others,0.655,0.705
MID2,MID1,Others,0.57,0.605
MIER3,MIER1,Others,0.656,0.75
MMEL1,MME,Others,0.481,0.679
MOGAT2,MOGAT1,Others,0.622,0.719
MPP4,MPP3,Others,0.188,0.75
MPPED2,MPPED1,Others,0.125,0.25
MSI2,MSI1,Others,0.615,0.625
MST1R,MET,Others,0.65,0.691
MSTN,GDF11,Others,0.642,0.655
MTHFD1L,MTHFD1,Others,0.63,0.678
MTMR8,MTMR7,Others,0.677,0.732
MTNR1B,MTNR1A,Others,0.612,0.65
MTRF1L,MTRF1,Others,0.676,0.718
MX2,MX1,Others,0.711,0.719
MXI1,MXD3,Others,0.56,0.75
MYL6B,MYL3,Others,0.518,0.568
MYO1B,MYO1A,Others,0.646,0.673
MYO1F,MYO1E,Others,0.626,0.698
MYO1G,MYO1D,Others,0.704,0.714
MYO1H,MYO1C,Others,0.491,0.75
MYO7B,MYO7A,Others,0.648,0.722
MYO9B,MYO9A,Others,0.447,0.639
MYOF,DYSF,Others,0.608,0.706
NAAA,ASAH1,Others,0.586,0.61
NAALAD2,FOLH1,Others,0.493,0.625
NAT2,NAT1,Others,0.694,0.75
NAV3,NAV2,Others,0.413,0.5
NCOA2,NCOA1,Others,0.703,0.722
NCOA3,NCOA1,Others,0.688,0.692
NCOA3,NCOA2,Others,0.663,0.684
NDUFA4L2,NDUFA4,Others,0.438,0.75
NEDD4L,NEDD4,Others,0.659,0.689
NEDD9,BCAR1,Others,0.668,0.676
NEDD9,CASS4,Others,0.664,0.722
NEK7,NEK6,Others,0.566,0.575
NELL2,NELL1,Others,0.412,0.75
NEO1,DCC,Others,0.493,0.525
NFATC3,NFATC1,Others,0.698,0.712
NFATC3,NFATC2,Others,0.692,0.694
NFATC4,NFATC3,Others,0.694,0.735
NFE2L2,NFE2,Others,0.572,0.64
NFE2L2,NFE2L1,Others,0.569,0.719
NFIB,NFIA,Others,0.675,0.692
NFIX,NFIA,Others,0.655,0.673
NFIX,NFIB,Others,0.646,0.651
NHLH2,NHLH1,Others,0.704,0.705
NINL,NIN,Others,0.551,0.595
NIPAL1,NIPA2,Others,0.75,0.75
NIPSNAP3B,NIPSNAP3A,Others,0.438,0.75
NIT2,NIT1,Others,0.141,0.5
NLRP7,NLRP2,Others,0.463,0.507
NMI,IFI35,Others,0.714,0.717
NOL4L,NOL4,Others,0.125,0.25
NPBWR2,NPBWR1,Others,0.743,0.75
NPR2,NPR1,Others,0.689,0.702
NPTX2,NPTX1,Others,0.492,0.5
NR1H3,NR1H2,Others,0.696,0.717
NR3C1,AR,Others,0.665,0.683
NR5A2,NR5A1,Others,0.661,0.706
NRBP2,NRBP1,Others,0.572,0.621
NTN3,NTN1,Others,0.598,0.611
NTNG2,NTNG1,Others,0.659,0.673
NTRK2,NTRK1,Others,0.681,0.683
NXPH2,NXPH1,Others,0.583,0.75
OBP2B,OBP2A,Others,0.675,0.675
OCM2,OCM,Others,0.679,0.75
OGDHL,OGDH,Others,0.546,0.75
ORMDL2,ORMDL1,Others,0.735,0.75
OSBP2,OSBP,Others,0.581,0.7
OSBPL11,OSBPL10,Others,0.594,0.603
OSBPL8,OSBPL5,Others,0.716,0.734
OSGIN2,OSGIN1,Others,0.554,0.688
OTUB2,OTUB1,Others,0.695,0.745
OTUD6B,OTUD6A,Others,0.644,0.693
OTUD7B,OTUD7A,Others,0.706,0.75
OXCT2,OXCT1,Others,0.706,0.719
OXT,AVP,Others,0.556,0.719
P2RX4,P2RX1,Others,0.555,0.671
P2RX4,P2RX2,Others,0.565,0.664
P2RY1,OXGR1,Others,0.448,0.688
P2RY4,P2RY2,Others,0.7,0.702
P4HA2,P4HA1,Others,0.618,0.667
PAIP2B,PAIP2,Others,0.714,0.75
PANX3,PANX1,Others,0.497,0.75
PARVB,PARVA,Others,0.69,0.706
PAX7,PAX3,Others,0.677,0.732
PBX4,PBX1,Others,0.603,0.708
PCBP3,PCBP2,Others,0.541,0.75
PCED1B,PCED1A,Others,0.75,0.75
PCGF3,PCGF1,Others,0.69,0.748
PCK2,PCK1,Others,0.669,0.697
PCSK4,FURIN,Others,0.506,0.75
PCYOX1L,PCYOX1,Others,0.465,0.469
PCYT1B,PCYT1A,Others,0.679,0.722
PDE1B,PDE1A,Others,0.605,0.75
PDE4B,PDE4A,Others,0.66,0.672
PDE6H,PDE6G,Others,0.694,0.75
PDE7B,PDE7A,Others,0.722,0.726
PDHA2,PDHA1,Others,0.74,0.75
PDHB,BCKDHB,Others,0.526,0.533
PDLIM5,LDB3,Others,0.692,0.712
PEAR1,MEGF10,Others,0.181,0.5
PER2,PER1,Others,0.684,0.75
PEX11B,PEX11A,Others,0.661,0.672
PF4V1,PF4,Others,0.483,0.75
PFKFB3,PFKFB2,Others,0.732,0.75
PFKFB4,PFKFB3,Others,0.717,0.75
PGLYRP4,PGLYRP3,Others,0.696,0.75
PGM2L1,PGM2,Others,0.575,0.621
PGR,NR3C1,Others,0.636,0.665
PHACTR4,PHACTR2,Others,0.451,0.675
PHC3,PHC1,Others,0.741,0.75
PHC3,PHC2,Others,0.73,0.731
PHF19,MTF2,Others,0.699,0.7
PHF19,PHF1,Others,0.706,0.75
PHKA2,PHKA1,Others,0.687,0.738
PHKG2,PHKG1,Others,0.511,0.75
PHOX2B,PHOX2A,Others,0.691,0.714
PHYHIPL,PHYHIP,Others,0.607,0.667
PIAS2,PIAS1,Others,0.693,0.694
PIAS3,PIAS1,Others,0.707,0.724
PIK3C2B,PIK3C2A,Others,0.658,0.708
PIK3CD,PIK3CB,Others,0.683,0.686
PILRB,PILRA,Others,0.672,0.74
PKM,PKLR,Others,0.601,0.75
PKNOX2,PKNOX1,Others,0.614,0.679
PKP3,PKP1,Others,0.678,0.694
PKP4,CTNND2,Others,0.624,0.649
PLA2G2E,PLA2G2A,Others,0.654,0.717
PLA2G7,PAFAH2,Others,0.465,0.657
PLBD2,PLBD1,Others,0.503,0.55
PLCB3,PLCB1,Others,0.664,0.703
PLCG2,PLCG1,Others,0.607,0.675
PLEKHB2,PLEKHB1,Others,0.719,0.75
PLEKHG4B,ARHGEF40,Others,0,0
PLOD2,PLOD1,Others,0.679,0.724
PLOD3,PLOD1,Others,0.677,0.684
PLPP5,PLPP4,Others,0.682,0.719
PLPPR5,PLPPR1,Others,0.679,0.75
PLS3,LCP1,Others,0.597,0.724
PLS3,PLS1,Others,0.604,0.625
PMEPA1,LDLRAD4,Others,0.686,0.717
PMS1,MLH3,Others,0.679,0.679
PNPLA7,PNPLA6,Others,0.475,0.75
POLL,POLB,Others,0.652,0.718
PON2,PON1,Others,0.584,0.679
PPFIA3,PPFIA1,Others,0.655,0.719
PPP1R12B,PPP1R12A,Others,0.515,0.709
PPP1R14C,PPP1R14B,Others,0.583,0.75
PPP2CB,PPP2CA,Others,0.596,0.75
PPP2R2C,PPP2R2B,Others,0.75,0.75
PPP3CC,PPP3CA,Others,0.621,0.732
PPP3R2,PPP3R1,Others,0.212,0.75
PREX2,PREX1,Others,0.661,0.75
PRICKLE2,PRICKLE1,Others,0.268,0.5
PRICKLE3,PRICKLE2,Others,0,0
PRKAA2,PRKAA1,Others,0.682,0.707
PRKAR2B,PRKAR2A,Others,0.705,0.723
PRKCH,PRKCE,Others,0.675,0.679
PRKCZ,PRKCI,Others,0.635,0.641
PRMT8,PRMT1,Others,0.604,0.662
PROKR2,PROKR1,Others,0.675,0.75
PROS1,GAS6,Others,0.574,0.653
PRRX2,PRRX1,Others,0.645,0.714
PRSS41,PRSS21,Others,0.519,0.667
PRTFDC1,HPRT1,Others,0.198,0.667
PRTN3,ELANE,Others,0.63,0.639
PSKH2,PSKH1,Others,0.375,0.75
PSMA8,PSMA7,Others,0.72,0.75
PSMB7,PSMB10,Others,0.716,0.745
PSMB8,PSMB5,Others,0.731,0.735
PTBP3,PTBP1,Others,0.591,0.719
PTH2R,PTH1R,Others,0.64,0.75
PTK2B,PTK2,Others,0.663,0.689
PTPN2,PTPN1,Others,0.637,0.661
PTPN21,PTPN14,Others,0.528,0.75
PTPN6,PTPN11,Others,0.644,0.648
PTPRE,PTPRA,Others,0.634,0.679
PWWP2B,PWWP2A,Others,0.583,0.625
PZP,A2M,Others,0.511,0.718
R3HDML,PI15,Others,0.438,0.75
RAB27B,RAB27A,Others,0.652,0.672
RAB2B,RAB2A,Others,0.544,0.704
RAB31,RAB22A,Others,0.659,0.677
RAB33B,RAB33A,Others,0.589,0.706
RAB37,RAB26,Others,0.455,0.483
RAB39B,RAB39A,Others,0.597,0.627
RABGAP1L,RABGAP1,Others,0.558,0.646
RAF1,ARAF,Others,0.625,0.642
RASA3,RASA2,Others,0.594,0.75
RASD2,RASD1,Others,0.25,0.5
RASGEF1B,RASGEF1A,Others,0.333,0.75
RASGRF2,RASGRF1,Others,0.675,0.733
RASL10B,RASL10A,Others,0,0
RASSF4,RASSF2,Others,0.308,0.75
RASSF5,RASSF1,Others,0.576,0.75
RBFOX2,RBFOX1,Others,0.585,0.659
RBM3,CIRBP,Others,0.636,0.673
RCAN3,RCAN2,Others,0.537,0.65
RCOR3,RCOR2,Others,0.688,0.75
RDH12,RDH11,Others,0.632,0.66
REEP6,REEP5,Others,0.507,0.507
REG1B,REG1A,Others,0.724,0.75
RELA,REL,Others,0.628,0.737
RELB,REL,Others,0.707,0.715
RFNG,LFNG,Others,0.553,0.625
RGS19,RGS17,Others,0.699,0.75
RGS7,RGS6,Others,0.691,0.696
RHBDL3,RHBDL1,Others,0.292,0.75
RHD,RHCE,Others,0.75,0.75
RHEBL1,RHEB,Others,0.593,0.702
RLN2,RLN1,Others,0,0
RMND5B,RMND5A,Others,0.706,0.714
RNASE3,RNASE2,Others,0.68,0.693
RNF113B,RNF113A,Others,0.381,0.75
RNF175,RNF121,Others,0.705,0.75
RNF40,RNF20,Others,0.681,0.703
RNFT2,RNFT1,Others,0.306,0.75
ROPN1B,ROPN1,Others,0.629,0.643
ROR2,ROR1,Others,0.687,0.708
RPEL1,RPE,Others,0.622,0.75
RPL26L1,RPL26,Others,0.5,0.75
RPL39L,RPL39,Others,0.335,0.422
RPS6KA5,RPS6KA4,Others,0.733,0.74
RRAS,KRAS,Others,0.666,0.676
RTP2,RTP1,Others,0.721,0.75
RUNX2,RUNX1,Others,0.672,0.699
S100Z,S100A1,Others,0.48,0.676
SALL3,SALL1,Others,0.415,0.75
SAMD9L,SAMD9,Others,0.5,0.75
SATB2,SATB1,Others,0.68,0.726
SCAMP5,SCAMP4,Others,0.505,0.75
SCD5,SCD,Others,0.667,0.75
SCGB2A2,SCGB2A1,Others,0.565,0.625
SCIN,GSN,Others,0.627,0.717
SCRIB,LRRC1,Others,0.186,0.5
SDCBP2,SDCBP,Others,0.598,0.673
SDF2L1,SDF2,Others,0.606,0.75
SDK2,SDK1,Others,0.692,0.75
SDSL,SDS,Others,0.539,0.598
SEC14L5,SEC14L1,Others,0.2,0.75
SEL1L2,SEL1L,Others,0.47,0.75
SEMA3F,SEMA3C,Others,0.677,0.708
SEMA5B,SEMA5A,Others,0.652,0.75
SEMG2,SEMG1,Others,0.683,0.727
SERP2,SERP1,Others,0.405,0.75
SESN3,SESN1,Others,0.703,0.75
SETSIP,SET,Others,0.581,0.721
SFRP5,SFRP1,Others,0.468,0.685
SFT2D2,SFT2D1,Others,0.35,0.75
SFTPA2,SFTPA1,Others,0.717,0.75
SGMS2,SGMS1,Others,0.679,0.698
SGPP2,SGPP1,Others,0.726,0.727
SGSM2,SGSM1,Others,0.629,0.679
SH3GL2,SH3GL1,Others,0.523,0.536
SH3GLB2,SH3GLB1,Others,0.353,0.708
SHC3,SHC1,Others,0.602,0.708
SHC4,SHC1,Others,0.462,0.75
SHOX2,SHOX,Others,0.581,0.731
SI,MGAM,Others,0.619,0.656
SIAH2,SIAH1,Others,0.659,0.663
SIDT2,SIDT1,Others,0.717,0.722
SIGLEC11,SIGLEC10,Others,0.674,0.75
SIRT5,SIRT4,Others,0.534,0.545
SIX6,SIX3,Others,0.701,0.741
SLC10A4,SLC10A2,Others,0.523,0.75
SLC12A3,SLC12A2,Others,0.65,0.737
SLC13A5,SLC13A3,Others,0.672,0.714
SLC16A7,SLC16A1,Others,0.638,0.689
SLC16A8,SLC16A3,Others,0.69,0.744
SLC1A5,SLC1A4,Others,0.603,0.661
SLC22A12,SLC22A11,Others,0.635,0.644
SLC22A2,SLC22A1,Others,0.694,0.72
SLC22A5,SLC22A4,Others,0.605,0.632
SLC23A2,SLC23A1,Others,0.62,0.688
SLC24A4,SLC24A3,Others,0.734,0.734
SLC25A22,SLC25A18,Others,0.693,0.7
SLC25A52,SLC25A51,Others,0.75,0.75
SLC25A6,SLC25A4,Others,0.63,0.675
SLC27A3,SLC27A2,Others,0.539,0.653
SLC27A4,SLC27A1,Others,0.629,0.646
SLC27A6,SLC27A2,Others,0.496,0.731
SLC28A2,SLC28A1,Others,0.689,0.69
SLC2A7,SLC2A5,Others,0.497,0.74
SLC37A2,SLC37A1,Others,0.727,0.727
SLC38A4,SLC38A1,Others,0.675,0.75
SLC38A5,SLC38A4,Others,0.549,0.679
SLC38A8,SLC38A7,Others,0.554,0.75
SLC3A2,SLC3A1,Others,0.541,0.635
SLC43A2,SLC43A1,Others,0.738,0.75
SLC45A4,SLC45A1,Others,0.6,0.75
SLC4A7,SLC4A10,Others,0.703,0.75
SLC52A2,SLC52A1,Others,0.738,0.75
SLC5A8,SLC5A12,Others,0.648,0.656
SLC6A17,SLC6A15,Others,0.586,0.668
SLC6A19,SLC6A18,Others,0.583,0.75
SLC6A3,SLC6A2,Others,0.685,0.703
SLC6A6,SLC6A11,Others,0.578,0.642
SLC6A6,SLC6A13,Others,0.611,0.636
SLC7A2,SLC7A1,Others,0.652,0.733
SLC7A7,SLC7A6,Others,0.639,0.724
SLC9A4,SLC9A2,Others,0.75,0.75
SLC9B2,SLC9B1,Others,0.343,0.75
SMAD3,SMAD2,Others,0.682,0.706
SMOC2,SMOC1,Others,0.493,0.601
SMOX,PAOX,Others,0.673,0.688
SMYD2,SMYD1,Others,0.558,0.678
SNAP25,SNAP23,Others,0.648,0.663
SNCB,SNCA,Others,0.58,0.716
SNTB1,SNTA1,Others,0.554,0.679
SNX3,SNX12,Others,0.615,0.69
SNX6,SNX32,Others,0.456,0.75
SORCS3,SORCS1,Others,0.562,0.667
SOX2,SOX1,Others,0.578,0.75
SOX21,SOX14,Others,0.691,0.745
SOX6,SOX5,Others,0.701,0.71
SP4,SP2,Others,0.665,0.682
SP9,SP8,Others,0.75,0.75
SPAG11B,SPAG11A,Others,0.441,0.75
SPAM1,HYAL1,Others,0.388,0.617
SPOCK3,SPOCK1,Others,0.336,0.441
SPRR1B,SPRR1A,Others,0.697,0.722
SPRR2B,SPRR2A,Others,0.594,0.75
SPRY2,SPRY1,Others,0.645,0.712
SRGAP1,ARHGAP4,Others,0.69,0.708
SRGAP2C,SRGAP2B,Others,0.426,0.75
SRI,GCA,Others,0.547,0.631
SRPK3,SRPK2,Others,0.492,0.688
SRSF6,SRSF5,Others,0.666,0.717
SRSF9,SRSF1,Others,0.69,0.714
SSTR4,SSTR1,Others,0.721,0.739
ST6GALNAC6,ST6GALNAC5,Others,0.563,0.75
ST8SIA4,ST8SIA2,Others,0.749,0.75
STAG3,STAG2,Others,0.615,0.647
STAMBPL1,STAMBP,Others,0.593,0.75
STAT4,STAT3,Others,0.545,0.748
STAT5B,STAT5A,Others,0.715,0.716
STEAP1B,STEAP1,Others,0.45,0.583
STEAP3,STEAP2,Others,0.576,0.624
STK4,STK3,Others,0.721,0.742
STOML3,STOM,Others,0.44,0.511
STRN4,STRN,Others,0.676,0.709
STX3,STX1B,Others,0.615,0.735
STXBP3,STXBP1,Others,0.691,0.697
STXBP5L,STXBP5,Others,0.684,0.694
SULF1,GNS,Others,0.464,0.494
SULF2,SULF1,Others,0.698,0.75
SUV39H2,SUV39H1,Others,0.649,0.687
SYNGAP1,DAB2IP,Others,0.361,0.75
SYNGR3,SYNGR1,Others,0.551,0.627
SYP,SYNPR,Others,0.545,0.75
SYPL2,SYP,Others,0.479,0.587
SYT4,SYT11,Others,0.68,0.72
SYTL3,SYTL1,Others,0.643,0.75
TAB3,TAB2,Others,0.679,0.721
TACR3,TACR1,Others,0.698,0.75
TAF15,FUS,Others,0.684,0.705
TAOK2,TAOK1,Others,0.654,0.664
TAOK3,TAOK1,Others,0.659,0.701
TAS2R40,TAS2R39,Others,0.75,0.75
TAX1BP1,CALCOCO1,Others,0.395,0.44
TBC1D2B,TBC1D2,Others,0.675,0.75
TBC1D9,TBC1D8B,Others,0.599,0.75
TBK1,IKBKE,Others,0.648,0.671
TBX10,TBX1,Others,0.53,0.697
TBX3,TBX2,Others,0.633,0.736
TBX5,TBX4,Others,0.557,0.717
TBXAS1,CYP3A5,Others,0.531,0.532
TCAF2,TCAF1,Others,0.71,0.71
TCF15,SCX,Others,0.552,0.641
TCF21,MSC,Others,0.664,0.704
TCF7,LEF1,Others,0.582,0.706
TCTN3,TCTN1,Others,0.488,0.607
TEC,ITK,Others,0.699,0.713
TENM4,TENM1,Others,0.554,0.565
TES,LMCD1,Others,0.376,0.443
TF,LTF,Others,0.57,0.584
TFAP2C,TFAP2A,Others,0.688,0.704
TFCP2L1,TFCP2,Others,0.624,0.75
TGFB2,TGFB1,Others,0.655,0.684
TGFB3,TGFB1,Others,0.652,0.715
TGFB3,TGFB2,Others,0.668,0.685
TGIF2LY,TGIF2LX,Others,0.712,0.75
THRB,THRA,Others,0.689,0.69
TJAP1,BEGAIN,Others,0.539,0.587
TLE2,TLE1,Others,0.657,0.691
TLR5,TLR2,Others,0.591,0.691
TLR6,TLR1,Others,0.692,0.717
TM2D3,TM2D2,Others,0,0
TMBIM1,FAIM2,Others,0.501,0.645
TMC8,TMC7,Others,0.141,0.75
TMEM120B,TMEM120A,Others,0.646,0.689
TMEM184B,TMEM184A,Others,0.714,0.75
TMEM59L,TMEM59,Others,0.15,0.25
TMEM63C,TMEM63A,Others,0.477,0.697
TMEM86B,TMEM86A,Others,0.417,0.75
TMPRSS6,PRSS21,Others,0.559,0.599
TMUB2,TMUB1,Others,0.7,0.75
TNFAIP3,OTUD7B,Others,0.64,0.715
TNFRSF10B,TNFRSF10A,Others,0.699,0.725
TNRC6B,TNRC6A,Others,0.724,0.743
TOR3A,TOR1B,Others,0.591,0.75
TOX4,TOX3,Others,0.613,0.643
TP63,TP53,Others,0.604,0.716
TP73,TP53,Others,0.631,0.713
TP73,TP63,Others,0.681,0.712
TPD52L1,TPD52,Others,0.582,0.61
TPH2,PAH,Others,0.557,0.587
TPTE2,TPTE,Others,0.735,0.746
TRABD2B,TRABD2A,Others,0.702,0.731
TRIM3,TRIM2,Others,0.616,0.7
TRIP10,FNBP1,Others,0.663,0.708
TRPC5,TRPC4,Others,0.685,0.715
TRPM3,TRPM1,Others,0.627,0.738
TRPM7,TRPM6,Others,0.616,0.633
TRPV6,TRPV5,Others,0.724,0.75
TSHZ3,TSHZ1,Others,0.608,0.75
TSPAN11,CD151,Others,0.346,0.75
TSPAN31,TSPAN13,Others,0.542,0.75
TSPAN5,TSPAN17,Others,0.576,0.724
TSPAN7,TSPAN6,Others,0.406,0.75
TSPAN9,CD82,Others,0.5,0.562
TSPYL6,TSPYL1,Others,0.577,0.7
TSSK2,TSSK1B,Others,0.724,0.725
TUBG2,TUBG1,Others,0.688,0.722
TXLNB,TXLNA,Others,0.5,0.75
TXLNG,TXLNA,Others,0.398,0.429
TYK2,JAK3,Others,0.591,0.624
TYW1B,TYW1,Others,0.5,0.75
UACA,RAI14,Others,0.446,0.688
UBE2G2,UBE2G1,Others,0.695,0.71
UBE3C,UBE3B,Others,0.639,0.75
UCHL3,UCHL1,Others,0.683,0.701
UGT3A2,UGT3A1,Others,0.639,0.65
UHRF1BP1L,UHRF1BP1,Others,0.389,0.5
UHRF2,UHRF1,Others,0.599,0.639
UNC13B,UNC13A,Others,0.677,0.733
UNC13C,UNC13B,Others,0.641,0.75
UNC5B,UNC5A,Others,0.504,0.55
UPP2,UPP1,Others,0.695,0.703
UQCRHL,UQCRH,Others,0.513,0.75
USF2,USF1,Others,0.695,0.726
USP19,USP11,Others,0.577,0.636
USP4,USP11,Others,0.626,0.682
USP9Y,USP9X,Others,0.545,0.739
UTY,KDM6A,Others,0.662,0.75
VASH2,VASH1,Others,0.641,0.679
VAV3,VAV1,Others,0.663,0.7
VEGFC,VEGFA,Others,0.617,0.724
VGF,PALM3,Others,0.373,0.496
VIL1,AVIL,Others,0.617,0.668
VPS13C,VPS13A,Others,0.557,0.566
WASF3,WASF2,Others,0.605,0.7
WASHC2C,WASHC2A,Others,0.601,0.75
WDR5B,WDR5,Others,0.415,0.75
WFIKKN2,WFIKKN1,Others,0.719,0.75
WNT10B,WNT10A,Others,0.664,0.676
WNT2B,WNT2,Others,0.645,0.685
WNT3A,WNT3,Others,0.663,0.689
WNT5B,WNT5A,Others,0.547,0.726
WNT7B,WNT7A,Others,0.624,0.717
WNT8B,WNT8A,Others,0.713,0.737
WNT9B,WNT9A,Others,0.707,0.72
WWC2,WWC1,Others,0.603,0.75
WWC3,WWC2,Others,0.75,0.75
WWP1,ITCH,Others,0.574,0.734
WWP2,WWP1,Others,0.602,0.743
XCL2,XCL1,Others,0.583,0.739
XIAP,BIRC3,Others,0.689,0.689
XPNPEP2,XPNPEP1,Others,0.464,0.469
YY2,YY1,Others,0.559,0.705
ZAP70,SYK,Others,0.656,0.71
ZBTB3,ZBTB18,Others,0.532,0.75
ZBTB8B,ZBTB46,Others,0.705,0.75
ZC3H12B,ZC3H12A,Others,0.368,0.75
ZC3H12C,ZC3H12B,Others,0.61,0.75
ZCCHC13,CNBP,Others,0.598,0.75
ZCCHC18,ZCCHC12,Others,0.5,0.75
ZDHHC2,ZDHHC15,Others,0.669,0.701
ZFAND6,ZFAND5,Others,0.498,0.699
ZFHX4,ZFHX3,Others,0.512,0.75
ZFP69B,ZFP69,Others,0.572,0.75
ZFYVE9,ZFYVE16,Others,0.685,0.696
ZMYM4,ZMYM2,Others,0.43,0.492
ZNF260,ZNF146,Others,0.624,0.714
ZNF280B,ZNF280A,Others,0.679,0.75
ZNF292,RLF,Others,0.694,0.75
ZNF346,ZMAT4,Others,0.3,0.75
ZNF384,ZNF362,Others,0.562,0.667
ZNF385D,ZNF385B,Others,0.542,0.625
ZNF426,ZNF266,Others,0.632,0.659
ZNF521,ZNF423,Others,0.595,0.676
ZNF630,ZNF300,Others,0.529,0.75
ZNF703,ZNF503,Others,0.642,0.689
ZNF81,ZNF175,Others,0.495,0.75
ZRANB3,SMARCAD1,Others,0.571,0.632
